-- Adminer 4.3.1 MySQL dump

SET NAMES utf8;
SET time_zone = '+00:00';
SET foreign_key_checks = 0;
SET sql_mode = 'NO_AUTO_VALUE_ON_ZERO';

DROP TABLE IF EXISTS `ADMIN_USER_TBL`;
CREATE TABLE `ADMIN_USER_TBL` (
  `ID` int(11) NOT NULL AUTO_INCREMENT,
  `EMAIL` varchar(100) NOT NULL,
  `PASSWORD` varchar(60) NOT NULL,
  `PERAN` int(11) NOT NULL,
  PRIMARY KEY (`ID`),
  KEY `EMAIL` (`EMAIL`),
  KEY `PERAN` (`PERAN`)
) ENGINE=InnoDB DEFAULT CHARSET=latin1;

INSERT INTO `ADMIN_USER_TBL` (`ID`, `EMAIL`, `PASSWORD`, `PERAN`) VALUES
(1,	'admin@localhost.com',	'admin',	0),
(2,	'zulyantara2@localhost.com',	'ugxKiYaP',	2),
(3,	'zulyantara@localhost.com',	'BhYsuFCZ',	2),
(9,	'ajahtara@gmail.com',	'KojUBJxX',	2),
(10,	'zulyantara4@localhost.com',	'TWFyAzlZ',	3);

DROP TABLE IF EXISTS `COURSE_CATALOGUE_TBL`;
CREATE TABLE `COURSE_CATALOGUE_TBL` (
  `ID` int(11) NOT NULL AUTO_INCREMENT,
  `INSTRUCTOR` varchar(100) NOT NULL,
  `BIDANG` int(11) NOT NULL COMMENT 'FK table KEAHLIAN_TBL',
  `TITLE` varchar(100) NOT NULL,
  `DESCRIPTION` varchar(100) NOT NULL,
  `KEAHLIAN1` varchar(100) DEFAULT NULL,
  `KEAHLIAN2` varchar(100) DEFAULT NULL,
  `KEAHLIAN3` varchar(100) DEFAULT NULL,
  `KEAHLIAN4` varchar(100) DEFAULT NULL,
  `KEAHLIAN5` varchar(100) DEFAULT NULL,
  `KEAHLIAN6` varchar(100) DEFAULT NULL,
  `KEAHLIAN7` varchar(100) DEFAULT NULL,
  `KEAHLIAN8` varchar(100) DEFAULT NULL,
  `KEAHLIAN9` varchar(100) DEFAULT NULL,
  `KEAHLIAN10` varchar(100) DEFAULT NULL,
  `STATUS_COURSE` int(11) DEFAULT '0' COMMENT '1 = Approve, 0 = Pending',
  PRIMARY KEY (`ID`),
  KEY `INSTRUCTOR` (`INSTRUCTOR`),
  KEY `BIDANG` (`BIDANG`)
) ENGINE=InnoDB DEFAULT CHARSET=latin1;

INSERT INTO `COURSE_CATALOGUE_TBL` (`ID`, `INSTRUCTOR`, `BIDANG`, `TITLE`, `DESCRIPTION`, `KEAHLIAN1`, `KEAHLIAN2`, `KEAHLIAN3`, `KEAHLIAN4`, `KEAHLIAN5`, `KEAHLIAN6`, `KEAHLIAN7`, `KEAHLIAN8`, `KEAHLIAN9`, `KEAHLIAN10`, `STATUS_COURSE`) VALUES
(1,	'ajahtara@gmail.com',	6,	'Belajar CodeIgniter',	'CodeIgniter for Dummies',	'Pengenalan CodeIgniter',	'Instalasi Apache, MySql, PHP with XAMPP',	'',	'',	'',	'',	'',	'',	'',	'',	0);

DROP TABLE IF EXISTS `COURSE_PLAN_TBL`;
CREATE TABLE `COURSE_PLAN_TBL` (
  `ID` int(11) NOT NULL AUTO_INCREMENT,
  `MOSQUE_ID` int(11) NOT NULL COMMENT 'FK table MOSQUE_TBL',
  `BIDANG_ID` int(11) NOT NULL COMMENT 'FK table KEAHLIAN_TBL',
  `USER_REGISTRATION_ID` int(11) NOT NULL COMMENT 'FK table USER_REGISTRATION_TBL',
  `COURSE_CATALOGUE_ID` int(11) NOT NULL COMMENT 'FK table COURSE_CATALOGUE_TBL',
  `DATE` date NOT NULL,
  `BIAYA_TRAINER` int(11) NOT NULL,
  `BIAYA_KONSUMSI` int(11) NOT NULL,
  `BIAYA_ALAT` int(11) NOT NULL,
  `STATUS` int(11) NOT NULL COMMENT '1 = Approve, 0 = Pending',
  PRIMARY KEY (`ID`)
) ENGINE=InnoDB DEFAULT CHARSET=latin1;

INSERT INTO `COURSE_PLAN_TBL` (`ID`, `MOSQUE_ID`, `BIDANG_ID`, `USER_REGISTRATION_ID`, `COURSE_CATALOGUE_ID`, `DATE`, `BIAYA_TRAINER`, `BIAYA_KONSUMSI`, `BIAYA_ALAT`, `STATUS`) VALUES
(1,	1,	6,	4,	1,	'2017-11-12',	500000,	500000,	500000,	1);

DROP TABLE IF EXISTS `COURSE_PRESENCE_TBL`;
CREATE TABLE `COURSE_PRESENCE_TBL` (
  `ID` int(11) NOT NULL AUTO_INCREMENT,
  `COURSE_PLAN_ID` int(11) NOT NULL,
  `COURSE_TRAINEE_ID` int(11) NOT NULL,
  `PRESENCE` int(11) NOT NULL,
  PRIMARY KEY (`ID`)
) ENGINE=InnoDB DEFAULT CHARSET=latin1;

INSERT INTO `COURSE_PRESENCE_TBL` (`ID`, `COURSE_PLAN_ID`, `COURSE_TRAINEE_ID`, `PRESENCE`) VALUES
(1,	1,	1,	1),
(2,	1,	2,	0),
(3,	1,	3,	1);

DROP TABLE IF EXISTS `COURSE_REPORT_BY_INSTRUCTOR_TBL`;
CREATE TABLE `COURSE_REPORT_BY_INSTRUCTOR_TBL` (
  `ID` int(11) NOT NULL AUTO_INCREMENT,
  `COURSE_PLAN_ID` int(11) NOT NULL,
  `COURSE_TRAINEE_ID` int(11) NOT NULL,
  `PEMAHAMAN` int(11) NOT NULL,
  `PRAKTIKUM` int(11) NOT NULL,
  `MINAT` int(11) NOT NULL,
  PRIMARY KEY (`ID`)
) ENGINE=InnoDB DEFAULT CHARSET=latin1;

INSERT INTO `COURSE_REPORT_BY_INSTRUCTOR_TBL` (`ID`, `COURSE_PLAN_ID`, `COURSE_TRAINEE_ID`, `PEMAHAMAN`, `PRAKTIKUM`, `MINAT`) VALUES
(1,	1,	1,	2,	3,	4),
(2,	1,	2,	4,	1,	2),
(3,	1,	3,	1,	2,	3);

DROP TABLE IF EXISTS `COURSE_REPORT_BY_TRAINEE_TBL`;
CREATE TABLE `COURSE_REPORT_BY_TRAINEE_TBL` (
  `ID` int(11) NOT NULL AUTO_INCREMENT,
  `COURSE_PLAN_ID` int(11) NOT NULL,
  `COURSE_CATALOGUE_ID` int(11) NOT NULL,
  `PENGUASAAN_MATERI` int(11) NOT NULL,
  `DIPAHAMI` int(11) NOT NULL,
  `PRAKTIKUM` int(11) NOT NULL,
  PRIMARY KEY (`ID`)
) ENGINE=InnoDB DEFAULT CHARSET=latin1;

INSERT INTO `COURSE_REPORT_BY_TRAINEE_TBL` (`ID`, `COURSE_PLAN_ID`, `COURSE_CATALOGUE_ID`, `PENGUASAAN_MATERI`, `DIPAHAMI`, `PRAKTIKUM`) VALUES
(1,	1,	1,	1,	2,	3),
(2,	1,	1,	2,	3,	4);

DROP TABLE IF EXISTS `COURSE_TRAINEE_TBL`;
CREATE TABLE `COURSE_TRAINEE_TBL` (
  `ID` int(11) NOT NULL AUTO_INCREMENT,
  `COURSE_PLAN_ID` int(11) NOT NULL,
  `NAMA` varchar(50) NOT NULL,
  `EMAIL` varchar(100) NOT NULL,
  `HP` varchar(15) NOT NULL,
  `STATUS` int(11) NOT NULL,
  PRIMARY KEY (`ID`)
) ENGINE=InnoDB DEFAULT CHARSET=latin1;

INSERT INTO `COURSE_TRAINEE_TBL` (`ID`, `COURSE_PLAN_ID`, `NAMA`, `EMAIL`, `HP`, `STATUS`) VALUES
(1,	1,	'peserta 1',	'peserta1@localhost.com',	'081234567890',	1),
(2,	1,	'peserta2',	'peserta2@localhost.com',	'081234567891',	1),
(3,	1,	'peserta3',	'peserta3@localhost.com',	'081234567892',	1);

DROP TABLE IF EXISTS `DISCUSSION_TBL`;
CREATE TABLE `DISCUSSION_TBL` (
  `ID` int(11) NOT NULL AUTO_INCREMENT,
  `COURSE_PLAN_ID` int(11) NOT NULL,
  `POSTED_BY` int(11) NOT NULL,
  `POSTED_ON` timestamp NOT NULL DEFAULT CURRENT_TIMESTAMP ON UPDATE CURRENT_TIMESTAMP,
  `QUESTION` text NOT NULL,
  PRIMARY KEY (`ID`)
) ENGINE=InnoDB DEFAULT CHARSET=latin1;


DROP TABLE IF EXISTS `EXPENSE_LOG_TBL`;
CREATE TABLE `EXPENSE_LOG_TBL` (
  `ID` int(11) NOT NULL AUTO_INCREMENT,
  `COURSE_PLAN_ID` int(11) NOT NULL,
  `BIAYA_KELUAR` int(11) NOT NULL,
  `TANGGAL` date NOT NULL,
  `KEPERLUAN` varchar(100) NOT NULL,
  `CATATAN` varchar(100) DEFAULT NULL,
  PRIMARY KEY (`ID`),
  KEY `COURSE_PLAN_ID` (`COURSE_PLAN_ID`)
) ENGINE=InnoDB DEFAULT CHARSET=latin1;

INSERT INTO `EXPENSE_LOG_TBL` (`ID`, `COURSE_PLAN_ID`, `BIAYA_KELUAR`, `TANGGAL`, `KEPERLUAN`, `CATATAN`) VALUES
(1,	1,	500000,	'2017-11-12',	'Biaya Trainer',	NULL),
(2,	1,	100000,	'2017-11-12',	'Biaya Konsumsi',	'');

DROP TABLE IF EXISTS `gallery`;
CREATE TABLE `gallery` (
  `gallery_id` int(11) NOT NULL AUTO_INCREMENT,
  `gallery_ket` varchar(255) NOT NULL,
  `gallery_path` varchar(255) NOT NULL,
  `gallery_insert_date` timestamp NOT NULL DEFAULT CURRENT_TIMESTAMP ON UPDATE CURRENT_TIMESTAMP,
  PRIMARY KEY (`gallery_id`)
) ENGINE=InnoDB DEFAULT CHARSET=latin1;

INSERT INTO `gallery` (`gallery_id`, `gallery_ket`, `gallery_path`, `gallery_insert_date`) VALUES
(1,	'21761932_10214476990818803_3489260644637839215_n.jpg',	'C:/Users/User/Files/xampp/htdocs/ci15agt/uploads/',	'2017-10-10 13:19:31');

DROP TABLE IF EXISTS `kabupaten_tbl`;
CREATE TABLE `kabupaten_tbl` (
  `id` bigint(20) NOT NULL,
  `latitude` double DEFAULT NULL,
  `longitude` double DEFAULT NULL,
  `name` varchar(255) DEFAULT NULL,
  `postedBy` bigint(20) DEFAULT NULL,
  `postedOn` datetime DEFAULT NULL,
  `provinsiId` bigint(20) DEFAULT NULL,
  `pemilu2014kddapil` int(11) DEFAULT NULL,
  `pemilu2014kdprop` int(11) DEFAULT NULL,
  `LATLNG_NOTE` varchar(40) DEFAULT NULL,
  PRIMARY KEY (`id`)
) ENGINE=InnoDB DEFAULT CHARSET=latin1;

INSERT INTO `kabupaten_tbl` (`id`, `latitude`, `longitude`, `name`, `postedBy`, `postedOn`, `provinsiId`, `pemilu2014kddapil`, `pemilu2014kdprop`, `LATLNG_NOTE`) VALUES
(3101,	-5.798526499999999,	106.5071981,	'KABUPATEN KEPULAUAN SERIBU',	NULL,	NULL,	31,	NULL,	NULL,	NULL),
(3171,	-6.2614927,	106.8105998,	'KOTA JAKARTA SELATAN',	NULL,	NULL,	31,	NULL,	NULL,	NULL),
(3172,	-6.2250138,	106.9004472,	'KOTA JAKARTA TIMUR',	NULL,	NULL,	31,	NULL,	NULL,	NULL),
(3204,	-7.276037100000001,	107.6925674,	'KABUPATEN BANDUNG',	NULL,	NULL,	32,	NULL,	NULL,	'FURTHEST'),
(3217,	-6.865221399999999,	107.4919767,	'KABUPATEN BANDUNG BARAT',	NULL,	NULL,	32,	NULL,	NULL,	NULL),
(3273,	-6.9174639,	107.6191228,	'KOTA BANDUNG',	NULL,	NULL,	32,	NULL,	NULL,	'POLITICAL'),
(3302,	-7.4832133,	109.140438,	'KABUPATEN BANYUMAS',	NULL,	NULL,	33,	NULL,	NULL,	NULL);

DROP TABLE IF EXISTS `KEAHLIAN_TBL`;
CREATE TABLE `KEAHLIAN_TBL` (
  `ID` int(11) NOT NULL AUTO_INCREMENT,
  `KEAHLIAN` varchar(100) NOT NULL,
  PRIMARY KEY (`ID`),
  KEY `KEAHLIAN` (`KEAHLIAN`)
) ENGINE=InnoDB DEFAULT CHARSET=latin1;

INSERT INTO `KEAHLIAN_TBL` (`ID`, `KEAHLIAN`) VALUES
(3,	'Biodiversity'),
(7,	'Game'),
(5,	'IoT, Drone'),
(2,	'Penanganan Kerusakan Sungai'),
(4,	'Penanganan Korban Rentenir'),
(1,	'Pencegahan Korupsi'),
(6,	'Web, Mobile, Data Mining');

DROP TABLE IF EXISTS `kecamatan_tbl`;
CREATE TABLE `kecamatan_tbl` (
  `id` bigint(20) NOT NULL,
  `kabupatenId` bigint(20) DEFAULT NULL,
  `latitude` double DEFAULT NULL,
  `longitude` double DEFAULT NULL,
  `name` varchar(255) DEFAULT NULL,
  `postedBy` bigint(20) DEFAULT NULL,
  `postedOn` datetime DEFAULT NULL,
  `LATLNG_NOTE` varchar(40) DEFAULT NULL,
  PRIMARY KEY (`id`)
) ENGINE=InnoDB DEFAULT CHARSET=latin1;

INSERT INTO `kecamatan_tbl` (`id`, `kabupatenId`, `latitude`, `longitude`, `name`, `postedBy`, `postedOn`, `LATLNG_NOTE`) VALUES
(3101010,	3101,	-5.798525,	106.5071981,	'KEPULAUAN SERIBU SELATAN',	NULL,	NULL,	NULL),
(3101020,	3101,	-5.5017714,	106.550077,	'KEPULAUAN SERIBU UTARA',	NULL,	NULL,	NULL),
(3171010,	3171,	-6.334917,	106.8237374,	'JAGAKARSA',	NULL,	NULL,	'LEVEL_3'),
(3171020,	3171,	-6.2939813,	106.8237374,	'PASAR MINGGU',	NULL,	NULL,	'LEVEL_3'),
(3171030,	3171,	-6.2845276,	106.8001396,	'CILANDAK',	NULL,	NULL,	NULL),
(3171040,	3171,	-6.2474283,	106.7617984,	'PESANGGRAHAN',	NULL,	NULL,	'LEVEL_3'),
(3171050,	3171,	-6.2443916,	106.7765443,	'KEBAYORAN LAMA',	NULL,	NULL,	NULL),
(3171060,	3171,	-6.2436219,	106.8001396,	'KEBAYORAN BARU',	NULL,	NULL,	NULL),
(3171070,	3171,	-6.250614400000001,	106.8207875,	'MAMPANG PRAPATAN',	NULL,	NULL,	'LEVEL_3'),
(3171080,	3171,	-6.2523005,	106.8473377,	'PANCORAN',	NULL,	NULL,	'LEVEL_3'),
(3171090,	3171,	-6.231859699999999,	106.8473377,	'TEBET',	NULL,	NULL,	'LEVEL_3'),
(3171100,	3171,	-6.2195686,	106.8325872,	'SETIA BUDI',	NULL,	NULL,	'LEVEL_3'),
(3172010,	3172,	-6.3261637,	106.8561884,	'PASAR REBO',	NULL,	NULL,	NULL),
(3172020,	3172,	-6.3231156,	106.8709404,	'CIRACAS',	NULL,	NULL,	'LEVEL_3'),
(3172030,	3172,	-6.3272512,	106.9004472,	'CIPAYUNG',	NULL,	NULL,	'LEVEL_3'),
(3172040,	3172,	-6.2711937,	106.8945456,	'MAKASAR',	NULL,	NULL,	'LEVEL_3'),
(3172050,	3172,	-6.2732982,	106.8694651,	'KRAMAT JATI',	NULL,	NULL,	NULL),
(3172060,	3172,	-6.2307016,	106.8827427,	'JATINEGARA',	NULL,	NULL,	'LEVEL_3'),
(3172070,	3172,	-6.2295409,	106.9181532,	'DUREN SAWIT',	NULL,	NULL,	'LEVEL_3'),
(3172080,	3172,	-6.1826294,	106.947666,	'CAKUNG',	NULL,	NULL,	'LEVEL_3'),
(3172090,	3172,	-6.1894643,	106.8945456,	'PULO GADUNG',	NULL,	NULL,	'LEVEL_3'),
(3172100,	3172,	-6.2032849,	106.8620891,	'MATRAMAN',	NULL,	NULL,	NULL),
(3204010,	3204,	-7.084922499999999,	107.4461432,	'CIWIDEY',	NULL,	NULL,	NULL),
(3204011,	3204,	-7.124549699999999,	107.4240957,	'RANCABALI',	NULL,	NULL,	NULL),
(3204020,	3204,	-7.097404399999999,	107.482896,	'PASIRJAMBU',	NULL,	NULL,	NULL),
(3204030,	3204,	-7.0924225,	107.5594431,	'CIMAUNG',	NULL,	NULL,	NULL),
(3204040,	3204,	-7.1988888,	107.5505152,	'PANGALENGAN',	NULL,	NULL,	'LEVEL_3'),
(3204050,	3204,	-7.276037100000001,	107.6925674,	'KERTASARI',	NULL,	NULL,	NULL),
(3204060,	3204,	-7.1204925,	107.7044085,	'PACET',	NULL,	NULL,	NULL),
(3204070,	3204,	-7.117697,	107.775465,	'IBUN',	NULL,	NULL,	'LEVEL_3'),
(3204080,	3204,	-7.0754952,	107.7991545,	'PASEH',	NULL,	NULL,	NULL),
(3204090,	3204,	-7.0333295,	107.8228459,	'CIKANCUNG',	NULL,	NULL,	'LEVEL_3'),
(3204100,	3204,	-6.989175600000001,	107.85199243636363,	'CICALENGKA',	NULL,	NULL,	'CENTRE'),
(3204101,	3204,	-7.0313174599999995,	107.88741576,	'NAGREG',	NULL,	NULL,	'CENTRE'),
(3204110,	3204,	-6.980850050000001,	107.77595986666665,	'RANCAEKEK',	NULL,	NULL,	'CENTRE'),
(3204120,	3204,	-7.0517978,	107.7458559,	'MAJALAYA',	NULL,	NULL,	NULL),
(3204121,	3204,	-7.010561999999999,	107.7458559,	'SOLOKAN JERUK',	NULL,	NULL,	NULL),
(3204130,	3204,	-7.0401751,	107.7132895,	'CIPARAY',	NULL,	NULL,	NULL),
(3204140,	3204,	-7.014681299999999,	107.6392892,	'BALEENDAH',	NULL,	NULL,	NULL),
(3204150,	3204,	-7.054939500000001,	107.6451458,	'ARJASARI',	NULL,	NULL,	'LEVEL_3'),
(3204160,	3204,	-7.0555388,	107.5767035,	'BANJARAN',	NULL,	NULL,	NULL),
(3204161,	3204,	-7.047883300000001,	107.5438798,	'CANGKUANG',	NULL,	NULL,	NULL),
(3204170,	3204,	-7.0191962,	107.5889804,	'PAMEUNGPEUK',	NULL,	NULL,	NULL),
(3204180,	3204,	-6.9980517,	107.5558745,	'KATAPANG',	NULL,	NULL,	NULL),
(3204190,	3204,	-7.025201999999999,	107.5259078,	'SOREANG',	NULL,	NULL,	NULL),
(3204191,	3204,	-6.999047,	107.5090974,	'KUTAWARINGIN',	NULL,	NULL,	'LEVEL_3'),
(3204250,	3204,	-6.954021000000001,	107.5573539,	'MARGAASIH',	NULL,	NULL,	NULL),
(3204260,	3204,	-6.9757129,	107.5801033,	'MARGAHAYU',	NULL,	NULL,	NULL),
(3204270,	3204,	-6.971892,	107.612654,	'DAYEUHKOLOT',	NULL,	NULL,	'LEVEL_3'),
(3204280,	3204,	-7.0037585,	107.6478182,	'BOJONGSOANG',	NULL,	NULL,	NULL),
(3204290,	3204,	-6.9316588,	107.7419708,	'CILEUNYI',	NULL,	NULL,	NULL),
(3204300,	3204,	-6.872264899999999,	107.728092,	'CILENGKRANG',	NULL,	NULL,	'LEVEL_3'),
(3204310,	3204,	-6.8739583,	107.6589922,	'CIMENYAN',	NULL,	NULL,	NULL),
(3217010,	3217,	-6.9617739,	107.2666396,	'RONGGA',	NULL,	NULL,	NULL),
(3217020,	3217,	-7.042604799999999,	107.3139304,	'GUNUNGHALU',	NULL,	NULL,	'LEVEL_3'),
(3217030,	3217,	-6.990714,	107.400299,	'SINDANGKERTA',	NULL,	NULL,	NULL),
(3217040,	3217,	-6.9834497,	107.4533635,	'CILILIN',	NULL,	NULL,	NULL),
(3217050,	3217,	-6.9479393,	107.497265,	'CIHAMPELAS',	NULL,	NULL,	NULL),
(3217060,	3217,	-6.943420199999999,	107.3434916,	'CIPONGKOR',	NULL,	NULL,	NULL),
(3217070,	3217,	-6.9153153,	107.4977752,	'BATUJAJAR',	NULL,	NULL,	NULL),
(3217071,	3217,	-6.8909892,	107.3671431,	'SAGULING',	NULL,	NULL,	NULL),
(3217080,	3217,	-6.82196980909091,	107.38650486363636,	'CIPATAT',	NULL,	NULL,	'CENTRE'),
(3217090,	3217,	-6.8505339,	107.4757149,	'PADALARANG',	NULL,	NULL,	'CENTRE'),
(3217100,	3217,	-6.861246299999999,	107.5147438,	'NGAMPRAH',	NULL,	NULL,	NULL),
(3217110,	3217,	-6.8212818,	107.5801033,	'PARONGPONG',	NULL,	NULL,	NULL),
(3217120,	3217,	-6.8162073,	107.6227961,	'LEMBANG',	NULL,	NULL,	NULL),
(3217130,	3217,	-6.8118545,	107.548217,	'CISARUA',	NULL,	NULL,	NULL),
(3217140,	3217,	-6.7383663,	107.4382841,	'CIKALONG WETAN',	NULL,	NULL,	NULL),
(3217150,	3217,	-6.7299868,	107.359399,	'CIPEUNDEUY',	NULL,	NULL,	NULL),
(3273010,	3273,	-6.937631199999999,	107.5653089,	'BANDUNG KULON',	NULL,	NULL,	NULL),
(3273020,	3273,	-6.942333,	107.5771444,	'BABAKAN CIPARAY',	NULL,	NULL,	'LEVEL_3'),
(3273030,	3273,	-6.9315817,	107.5889804,	'BOJONGLOA KALER',	NULL,	NULL,	NULL),
(3273040,	3273,	-6.951960499999999,	107.5948986,	'BOJONGLOA KIDUL',	NULL,	NULL,	NULL),
(3273050,	3273,	-6.9299008,	107.5993373,	'ASTANAANYAR',	NULL,	NULL,	NULL),
(3273060,	3273,	-6.940982,	107.612654,	'REGOL',	NULL,	NULL,	NULL),
(3273070,	3273,	-6.9326938,	107.627451,	'LENGKONG',	NULL,	NULL,	'LEVEL_3'),
(3273080,	3273,	-6.9557571,	107.6304105,	'BANDUNG KIDUL',	NULL,	NULL,	NULL),
(3273090,	3273,	-6.9523899,	107.6511279,	'BUAHBATU',	NULL,	NULL,	'LEVEL_3'),
(3273100,	3273,	-6.9539456,	107.6777669,	'RANCASARI',	NULL,	NULL,	NULL),
(3273101,	3273,	-6.950576799999999,	107.6984879,	'GEDEBAGE',	NULL,	NULL,	NULL),
(3273110,	3273,	-6.9163257,	107.7192104,	'CIBIRU',	NULL,	NULL,	'LEVEL_3'),
(3273111,	3273,	-6.932218,	107.7073688,	'PANYILEUKAN',	NULL,	NULL,	NULL),
(3273120,	3273,	-6.9064866,	107.7073688,	'UJUNG BERUNG',	NULL,	NULL,	NULL),
(3273121,	3273,	-6.9328971,	107.6896073,	'CINAMBO',	NULL,	NULL,	NULL),
(3273130,	3273,	-6.917906899999999,	107.6777669,	'ARCAMANIK',	NULL,	NULL,	NULL),
(3273141,	3273,	-6.918583399999999,	107.6600073,	'ANTAPANI',	NULL,	NULL,	NULL),
(3273142,	3273,	-6.897547599999999,	107.6718469,	'MANDALAJATI',	NULL,	NULL,	NULL),
(3273150,	3273,	-6.924181900000001,	107.6481682,	'KIARACONDONG',	NULL,	NULL,	'LEVEL_3'),
(3273160,	3273,	-6.919484199999999,	107.6363296,	'BATUNUNGGAL',	NULL,	NULL,	'LEVEL_3'),
(3273170,	3273,	-6.915235300000001,	107.612654,	'SUMUR BANDUNG',	NULL,	NULL,	NULL),
(3273180,	3273,	-6.9114323,	107.5771444,	'ANDIR',	NULL,	NULL,	'LEVEL_3'),
(3273190,	3273,	-6.900911799999999,	107.5830623,	'CICENDO',	NULL,	NULL,	NULL),
(3273200,	3273,	-6.904715299999999,	107.6185727,	'BANDUNG WETAN',	NULL,	NULL,	NULL),
(3273210,	3273,	-6.8984464,	107.6481682,	'CIBEUNYING KIDUL',	NULL,	NULL,	NULL),
(3273220,	3273,	-6.893749199999999,	107.6363296,	'CIBEUNYING KALER',	NULL,	NULL,	NULL),
(3273230,	3273,	-6.891960399999999,	107.6156133,	'COBLONG',	NULL,	NULL,	NULL),
(3273240,	3273,	-6.890393599999999,	107.5889804,	'SUKAJADI',	NULL,	NULL,	'LEVEL_3'),
(3273250,	3273,	-6.8646647,	107.5889804,	'SUKASARI',	NULL,	NULL,	'LEVEL_3'),
(3273260,	3273,	-6.8639965,	107.6067354,	'CIDADAP',	NULL,	NULL,	NULL),
(3302010,	3302,	-7.479794699999999,	108.985882,	'LUMBIR',	NULL,	NULL,	'LEVEL_3'),
(3302020,	3302,	-7.517887099999999,	109.0572086,	'WANGON',	NULL,	NULL,	'LEVEL_3'),
(3302030,	3302,	-7.5570336,	109.1047663,	'JATILAWANG',	NULL,	NULL,	NULL),
(3302040,	3302,	-7.513614599999999,	109.1523292,	'RAWALO',	NULL,	NULL,	'LEVEL_3'),
(3302050,	3302,	-7.5507151100000005,	109.23007620000001,	'KEBASEN',	NULL,	NULL,	'CENTRE'),
(3302060,	3302,	-7.5885685,	109.3188387,	'KEMRANJEN',	NULL,	NULL,	NULL),
(3302070,	3302,	-7.586382299999999,	109.3664237,	'SUMPIUH',	NULL,	NULL,	'LEVEL_3'),
(3302080,	3302,	-7.6048158,	109.4140133,	'TAMBAK',	NULL,	NULL,	NULL),
(3302090,	3302,	-7.5256133,	109.3426306,	'SOMAGEDE',	NULL,	NULL,	'LEVEL_3'),
(3302100,	3302,	-7.486558499999998,	109.295048,	'KALIBAGOR',	NULL,	NULL,	'LEVEL_3'),
(3302110,	3302,	-7.5288605,	109.2712585,	'BANYUMAS',	NULL,	NULL,	NULL),
(3302120,	3302,	-7.4702393,	109.1998972,	'PATIKRAJA',	NULL,	NULL,	'LEVEL_3'),
(3302130,	3302,	-7.4744995,	109.1047663,	'PURWOJATI',	NULL,	NULL,	'LEVEL_3'),
(3302140,	3302,	-7.419511626666667,	109.07973548666665,	'AJIBARANG',	NULL,	NULL,	'CENTRE'),
(3302150,	3302,	-7.375667200000001,	108.9801779,	'GUMELAR',	NULL,	NULL,	NULL),
(3302160,	3302,	-7.3519383,	109.0809868,	'PEKUNCEN',	NULL,	NULL,	'LEVEL_3'),
(3302170,	3302,	-7.369379599999999,	109.1523292,	'CILONGOK',	NULL,	NULL,	'LEVEL_3'),
(3302180,	3302,	-7.434449000000001,	109.1939509,	'KARANGLEWAS',	NULL,	NULL,	'LEVEL_3'),
(3302190,	3302,	-7.346702499999999,	109.1998972,	'KEDUNG BANTENG',	NULL,	NULL,	NULL),
(3302200,	3302,	-7.3045305,	109.2236831,	'BATURRADEN',	NULL,	NULL,	NULL),
(3302210,	3302,	-7.3641097,	109.2712585,	'SUMBANG',	NULL,	NULL,	'LEVEL_3'),
(3302220,	3302,	-7.404194499999999,	109.295048,	'KEMBARAN',	NULL,	NULL,	'LEVEL_3'),
(3302230,	3302,	-7.4507791,	109.2891005,	'SOKARAJA',	NULL,	NULL,	NULL),
(3302710,	3302,	-7.442618800000001,	109.2415233,	'PURWOKERTO SELATAN',	NULL,	NULL,	NULL),
(3302720,	3302,	-7.423089099999999,	109.2177365,	'PURWOKERTO BARAT',	NULL,	NULL,	NULL),
(3302730,	3302,	-7.4244669,	109.2444967,	'PURWOKERTO TIMUR',	NULL,	NULL,	NULL),
(3302740,	3302,	-7.398999899999999,	109.2385498,	'PURWOKERTO UTARA',	NULL,	NULL,	NULL);

DROP TABLE IF EXISTS `kelurahan_tbl`;
CREATE TABLE `kelurahan_tbl` (
  `id` bigint(20) NOT NULL,
  `kecamatanId` bigint(20) DEFAULT NULL,
  `latitude` double DEFAULT NULL,
  `longitude` double DEFAULT NULL,
  `name` varchar(255) DEFAULT NULL,
  `postedBy` bigint(20) DEFAULT NULL,
  `postedOn` datetime DEFAULT NULL,
  `LATLNG_NOTE` varchar(40) DEFAULT NULL,
  PRIMARY KEY (`id`)
) ENGINE=InnoDB DEFAULT CHARSET=latin1;

INSERT INTO `kelurahan_tbl` (`id`, `kecamatanId`, `latitude`, `longitude`, `name`, `postedBy`, `postedOn`, `LATLNG_NOTE`) VALUES
(3101010001,	3101010,	-5.803205300000001,	106.5237907,	'PULAU TIDUNG',	NULL,	NULL,	NULL),
(3101010002,	3101010,	-5.859214,	106.6147781,	'PULAU PARI',	NULL,	NULL,	NULL),
(3101010003,	3101010,	-5.9795,	106.70909,	'PULAU UNTUNG JAWA',	NULL,	NULL,	NULL),
(3101020001,	3101020,	-5.7433821,	106.6151312,	'PULAU PANGGANG',	NULL,	NULL,	NULL),
(3101020002,	3101020,	-5.6763037,	106.5039072,	'PULAU KELAPA',	NULL,	NULL,	NULL),
(3101020003,	3101020,	-5.501237,	106.551621,	'PULAU HARAPAN',	NULL,	NULL,	'LEVEL_4_INSIDE_CONTAIN_LEVEL_234'),
(3171010001,	3171010,	-6.3561798,	106.8001396,	'CIPEDAK',	NULL,	NULL,	NULL),
(3171010002,	3171010,	-6.3476171,	106.8266873,	'SRENGSENG SAWAH',	NULL,	NULL,	NULL),
(3171010003,	3171010,	-6.3379655,	106.8089885,	'CIGANJUR',	NULL,	NULL,	NULL),
(3171010004,	3171010,	-6.327337099999999,	106.8207875,	'JAGAKARSA',	NULL,	NULL,	NULL),
(3171010005,	3171010,	-6.3201773,	106.8355807,	'LENTENG AGUNG',	NULL,	NULL,	NULL),
(3171010006,	3171010,	-6.3058935,	106.8502879,	'TANJUNG BARAT',	NULL,	NULL,	'LEVEL_4_EXACT_LEVEL_234_EN'),
(3171020001,	3171020,	-6.2791676,	106.8152966,	'CILANDAK TIMUR',	NULL,	NULL,	NULL),
(3171020002,	3171020,	-6.301752,	106.8207875,	'RAGUNAN',	NULL,	NULL,	NULL),
(3171020003,	3171020,	-6.3115948,	106.8325872,	'KEBAGUSAN',	NULL,	NULL,	NULL),
(3171020004,	3171020,	-6.284306,	106.8435121,	'PASAR MINGGU',	NULL,	NULL,	'LEVEL_4_INSIDE_CONTAIN_LEVEL_234'),
(3171020005,	3171020,	-6.286017699999999,	106.8325872,	'JATI PADANG',	NULL,	NULL,	NULL),
(3171020006,	3171020,	-6.270482899999999,	106.8384873,	'PEJATEN BARAT',	NULL,	NULL,	NULL),
(3171020007,	3171020,	-6.270095,	106.8502879,	'PEJATEN TIMUR',	NULL,	NULL,	'LEVEL_4_EXACT_LEVEL_234_EN'),
(3171030001,	3171030,	-6.3031123,	106.7794935,	'LEBAK BULUS',	NULL,	NULL,	NULL),
(3171030002,	3171030,	-6.3076465,	106.79719,	'PONDOK LABU',	NULL,	NULL,	NULL),
(3171030003,	3171030,	-6.2922975,	106.79719,	'CILANDAK BARAT',	NULL,	NULL,	NULL),
(3171030004,	3171030,	-6.2706081,	106.7957153,	'GANDARIA SELATAN',	NULL,	NULL,	NULL),
(3171030005,	3171030,	-6.2716448,	106.8030892,	'CIPETE SELATAN',	NULL,	NULL,	NULL),
(3171040001,	3171040,	-6.2678825,	106.7617984,	'BINTARO',	NULL,	NULL,	NULL),
(3171040002,	3171040,	-6.2525412,	106.7617984,	'PESANGGRAHAN',	NULL,	NULL,	NULL),
(3171040003,	3171040,	-6.240989799999999,	106.763273,	'ULUJAMI',	NULL,	NULL,	NULL),
(3171040004,	3171040,	-6.2425078,	106.7559004,	'PETUKANGAN SELATAN',	NULL,	NULL,	NULL),
(3171040005,	3171040,	-6.2273641,	106.7500025,	'PETUKANGAN UTARA',	NULL,	NULL,	NULL),
(3171050001,	3171050,	-6.2775326,	106.7794935,	'PONDOK PINANG',	NULL,	NULL,	NULL),
(3171050002,	3171050,	-6.2570768,	106.7794935,	'KEBAYORAN LAMA SELATAN',	NULL,	NULL,	NULL),
(3171050003,	3171050,	-6.245621499999999,	106.7780189,	'KEBAYORAN LAMA UTARA',	NULL,	NULL,	NULL),
(3171050004,	3171050,	-6.23682,	106.773595,	'CIPULIR',	NULL,	NULL,	NULL),
(3171050005,	3171050,	-6.2300428,	106.7798811,	'GROGOL SELATAN',	NULL,	NULL,	NULL),
(3171050006,	3171050,	-6.2159946,	106.7853922,	'GROGOL UTARA',	NULL,	NULL,	NULL),
(3171060001,	3171060,	-6.258017700000001,	106.7898163,	'GANDARIA UTARA',	NULL,	NULL,	NULL),
(3171060002,	3171060,	-6.2596634,	106.8080833,	'CIPETE UTARA',	NULL,	NULL,	NULL),
(3171060003,	3171060,	-6.255172,	106.7986648,	'PULO',	NULL,	NULL,	NULL),
(3171060004,	3171060,	-6.242007099999999,	106.8104633,	'PETOGOGAN',	NULL,	NULL,	NULL),
(3171060005,	3171060,	-6.2448517,	106.8016144,	'MELAWAI',	NULL,	NULL,	NULL),
(3171060006,	3171060,	-6.2451405,	106.7927658,	'KRAMAT PELA',	NULL,	NULL,	NULL),
(3171060007,	3171060,	-6.2349179,	106.7927658,	'GUNUNG',	NULL,	NULL,	NULL),
(3171060008,	3171060,	-6.2358591,	106.8030892,	'SELONG',	NULL,	NULL,	NULL),
(3171060009,	3171060,	-6.2368,	106.813413,	'RAWA BARAT',	NULL,	NULL,	NULL),
(3171060010,	3171060,	-6.2266758,	106.8104633,	'SENAYAN',	NULL,	NULL,	NULL),
(3171070001,	3171070,	-6.2608384,	106.8207875,	'BANGKA',	NULL,	NULL,	NULL),
(3171070002,	3171070,	-6.250807399999999,	106.8148879,	'PELA MAMPANG',	NULL,	NULL,	NULL),
(3171070003,	3171070,	-6.249095199999999,	106.8281623,	'TEGAL PARANG',	NULL,	NULL,	NULL),
(3171070004,	3171070,	-6.2439842,	106.8281623,	'MAMPANG PRAPATAN',	NULL,	NULL,	NULL),
(3171070005,	3171070,	-6.2365111,	106.8222625,	'KUNINGAN BARAT',	NULL,	NULL,	NULL),
(3171080001,	3171080,	-6.264140599999999,	106.8370122,	'KALIBATA',	NULL,	NULL,	NULL),
(3171080002,	3171080,	-6.258447599999999,	106.8547133,	'RAWAJATI',	NULL,	NULL,	NULL),
(3171080003,	3171080,	-6.2553397,	106.8325872,	'DUREN TIGA',	NULL,	NULL,	NULL),
(3171080004,	3171080,	-6.2487089,	106.8399623,	'PANCORAN',	NULL,	NULL,	NULL),
(3171080005,	3171080,	-6.2482256,	106.8547133,	'PENGADEGAN',	NULL,	NULL,	NULL),
(3171080006,	3171080,	-6.245055799999999,	106.8539757,	'CIKOKO',	NULL,	NULL,	NULL),
(3171090001,	3171090,	-6.2308233,	106.8399623,	'MENTENG DALAM',	NULL,	NULL,	NULL),
(3171090002,	3171090,	-6.2356436,	106.8488128,	'TEBET BARAT',	NULL,	NULL,	NULL),
(3171090003,	3171090,	-6.2328959,	106.8547133,	'TEBET TIMUR',	NULL,	NULL,	NULL),
(3171090004,	3171090,	-6.2327029,	106.8606139,	'KEBON BARU',	NULL,	NULL,	'LEVEL_4_CONTAIN'),
(3171090005,	3171090,	-6.222582,	106.8576636,	'BUKIT DURI',	NULL,	NULL,	NULL),
(3171090006,	3171090,	-6.2203167,	106.8488128,	'MANGGARAI SELATAN',	NULL,	NULL,	NULL),
(3171090007,	3171090,	-6.212558599999999,	106.851763,	'MANGGARAI',	NULL,	NULL,	'LEVEL_4_CONTAIN'),
(3171100001,	3171100,	-6.2213742,	106.8163628,	'KARET SEMANGGI',	NULL,	NULL,	NULL),
(3171100002,	3171100,	-6.2299792,	106.8266873,	'KUNINGAN TIMUR',	NULL,	NULL,	NULL),
(3171100003,	3171100,	-6.2197608,	106.8266873,	'KARET KUNINGAN',	NULL,	NULL,	NULL),
(3171100004,	3171100,	-6.2134231,	106.8252123,	'KARET',	NULL,	NULL,	NULL),
(3171100005,	3171100,	-6.218051099999999,	106.8399623,	'MENTENG ATAS',	NULL,	NULL,	NULL),
(3171100006,	3171100,	-6.2090339,	106.8415828,	'PASAR MANGGIS',	NULL,	NULL,	NULL),
(3171100007,	3171100,	-6.2080273,	106.8340622,	'GUNTUR',	NULL,	NULL,	NULL),
(3171100008,	3171100,	-6.2083151,	106.8252123,	'SETIA BUDI',	NULL,	NULL,	NULL),
(3172010001,	3172010,	-6.3464395,	106.8620891,	'PEKAYON',	NULL,	NULL,	NULL),
(3172010002,	3172010,	-6.3377275,	106.8547133,	'KALISARI',	NULL,	NULL,	NULL),
(3172010003,	3172010,	-6.326359399999999,	106.8502879,	'BARU',	NULL,	NULL,	NULL),
(3172010004,	3172010,	-6.322277,	106.8576636,	'CIJANTUNG',	NULL,	NULL,	NULL),
(3172010005,	3172010,	-6.3003881,	106.8620891,	'GEDONG',	NULL,	NULL,	NULL),
(3172020001,	3172020,	-6.356087199999999,	106.879792,	'CIBUBUR',	NULL,	NULL,	NULL),
(3172020002,	3172020,	-6.3456529,	106.8856933,	'KELAPA DUA WETAN',	NULL,	NULL,	NULL),
(3172020003,	3172020,	-6.3255759,	106.8738909,	'CIRACAS',	NULL,	NULL,	NULL),
(3172020004,	3172020,	-6.315538999999999,	106.8679899,	'SUSUKAN',	NULL,	NULL,	NULL),
(3172020005,	3172020,	-6.3051125,	106.8738909,	'RAMBUTAN',	NULL,	NULL,	NULL),
(3172030001,	3172030,	-6.3551012,	106.9093,	'PONDOK RANGGON',	NULL,	NULL,	NULL),
(3172030002,	3172030,	-6.334631000000001,	106.9093,	'CILANGKAP',	NULL,	NULL,	NULL),
(3172030003,	3172030,	-6.3503773,	106.8974964,	'MUNJUL',	NULL,	NULL,	NULL),
(3172030004,	3172030,	-6.3315803,	106.8895819,	'CIPAYUNG',	NULL,	NULL,	NULL),
(3172030005,	3172030,	-6.312742099999999,	106.9137265,	'SETU',	NULL,	NULL,	NULL),
(3172030006,	3172030,	-6.3092491,	106.9033981,	'BAMBU APUS',	NULL,	NULL,	NULL),
(3172030007,	3172030,	-6.304526000000001,	106.8915948,	'CEGER',	NULL,	NULL,	NULL),
(3172030008,	3172030,	-6.2939072,	106.9033981,	'LUBANG BUAYA',	NULL,	NULL,	NULL),
(3172040001,	3172040,	-6.290706699999999,	106.884218,	'PINANG RANTI',	NULL,	NULL,	NULL),
(3172040002,	3172040,	-6.2755627,	106.8783167,	'MAKASAR',	NULL,	NULL,	NULL),
(3172040003,	3172040,	-6.2551168,	106.8783167,	'KEBON PALA',	NULL,	NULL,	NULL),
(3172040004,	3172040,	-6.246114200000001,	106.8864928,	'HALIM PERDANA KUSUMAH',	NULL,	NULL,	NULL),
(3172040005,	3172040,	-6.2528204,	106.9093,	'CIPINANG MELAYU',	NULL,	NULL,	NULL),
(3172050001,	3172050,	-6.2686182,	106.867472,	'BALE KAMBANG',	NULL,	NULL,	NULL),
(3172050002,	3172050,	-6.2670413,	106.8658034,	'BATU AMPAR',	NULL,	NULL,	'LEVEL_4_INSIDE_CONTAIN_LEVEL_234'),
(3172050003,	3172050,	-6.2823082,	106.8700358,	'KAMPUNG TENGAH',	NULL,	NULL,	'LEVEL_4_INSIDE_CONTAIN_LEVEL_234'),
(3172050004,	3172050,	-6.2686182,	106.867472,	'DUKUH',	NULL,	NULL,	NULL),
(3172050005,	3172050,	-6.2732982,	106.8694651,	'KRAMAT JATI',	NULL,	NULL,	NULL),
(3172050006,	3172050,	-6.2677666,	106.8722693,	'CILILITAN',	NULL,	NULL,	NULL),
(3172050007,	3172050,	-6.250842,	106.868873,	'CAWANG',	NULL,	NULL,	'LEVEL_4_INSIDE_CONTAIN_LEVEL_234'),
(3172060001,	3172060,	-6.215438199999999,	106.8613515,	'BIDARA CINA',	NULL,	NULL,	NULL),
(3172060002,	3172060,	-6.2386548,	106.8738909,	'CIPINANG CEMPEDAK',	NULL,	NULL,	NULL),
(3172060003,	3172060,	-6.2295694,	106.8783167,	'CIPINANG BESAR SELATAN',	NULL,	NULL,	NULL),
(3172060004,	3172060,	-6.2176426,	106.8915948,	'CIPINANG MUARA',	NULL,	NULL,	NULL),
(3172060005,	3172060,	-6.2193534,	106.8783167,	'CIPINANG BESAR UTARA',	NULL,	NULL,	NULL),
(3172060006,	3172060,	-6.2195462,	106.8724156,	'RAWA BUNGA',	NULL,	NULL,	NULL),
(3172060007,	3172060,	-6.2191246,	106.8657771,	'BALI MESTER',	NULL,	NULL,	NULL),
(3172060008,	3172060,	-6.2299555,	106.8665147,	'KAMPUNG MELAYU',	NULL,	NULL,	NULL),
(3172070001,	3172070,	-6.2325788,	106.9033981,	'PONDOK BAMBU',	NULL,	NULL,	NULL),
(3172070002,	3172070,	-6.2321915,	106.9152021,	'DUREN SAWIT',	NULL,	NULL,	NULL),
(3172070003,	3172070,	-6.2393686,	106.9299579,	'PONDOK KELAPA',	NULL,	NULL,	NULL),
(3172070004,	3172070,	-6.2248872,	106.9432389,	'PONDOK KOPI',	NULL,	NULL,	NULL),
(3172070005,	3172070,	-6.2226246,	106.9343848,	'MALAKA JAYA',	NULL,	NULL,	NULL),
(3172070006,	3172070,	-6.2228182,	106.9284822,	'MALAKA SARI',	NULL,	NULL,	NULL),
(3172070007,	3172070,	-6.2172566,	106.9033981,	'KLENDER',	NULL,	NULL,	NULL),
(3172080001,	3172080,	-6.201795499999999,	106.921943,	'JATINEGARA',	NULL,	NULL,	NULL),
(3172080002,	3172080,	-6.2060792,	106.9329091,	'PENGGILINGAN',	NULL,	NULL,	NULL),
(3172080003,	3172080,	-6.2079551,	106.9535691,	'PULO GEBANG',	NULL,	NULL,	'LEVEL_4_CONTAIN'),
(3172080004,	3172080,	-6.1899947,	106.9565206,	'UJUNG MENTENG',	NULL,	NULL,	NULL),
(3172080005,	3172080,	-6.177334399999999,	106.9535691,	'CAKUNG TIMUR',	NULL,	NULL,	NULL),
(3172080006,	3172080,	-6.1754565,	106.9329091,	'CAKUNG BARAT',	NULL,	NULL,	NULL),
(3172080007,	3172080,	-6.1860472,	106.9211043,	'RAWA TERATE',	NULL,	NULL,	NULL),
(3172090001,	3172090,	-6.2078145,	106.879792,	'PISANGAN TIMUR',	NULL,	NULL,	NULL),
(3172090002,	3172090,	-6.207429299999999,	106.8915948,	'CIPINANG',	NULL,	NULL,	'LEVEL_4_CONTAIN'),
(3172090003,	3172090,	-6.2032628,	106.9019227,	'JATINEGARA KAUM',	NULL,	NULL,	NULL),
(3172090004,	3172090,	-6.1970255,	106.8974964,	'JATI',	NULL,	NULL,	NULL),
(3172090005,	3172090,	-6.1976024,	106.879792,	'RAWAMANGUN',	NULL,	NULL,	NULL),
(3172090006,	3172090,	-6.1796396,	106.8827427,	'KAYU PUTIH',	NULL,	NULL,	NULL),
(3172090007,	3172090,	-6.181712,	106.8974964,	'PULO GADUNG',	NULL,	NULL,	NULL),
(3172100001,	3172100,	-6.209812599999999,	106.8576636,	'KEBON MANGGIS',	NULL,	NULL,	NULL),
(3172100002,	3172100,	-6.199599099999999,	106.8576636,	'PAL MERIEM',	NULL,	NULL,	NULL),
(3172100003,	3172100,	-6.2119814,	106.8694651,	'PISANGAN BARU',	NULL,	NULL,	NULL),
(3172100004,	3172100,	-6.2026226,	106.8628267,	'KAYU MANIS',	NULL,	NULL,	NULL),
(3172100005,	3172100,	-6.2043213,	106.8694651,	'UTAN KAYU SELATAN',	NULL,	NULL,	NULL),
(3172100006,	3172100,	-6.196758099999999,	106.8665147,	'UTAN KAYU UTARA',	NULL,	NULL,	NULL),
(3204010001,	3204010,	-7.112665199999999,	107.441068,	'PANUNDAAN',	NULL,	NULL,	NULL),
(3204010002,	3204010,	-7.084922499999999,	107.4461432,	'CIWIDEY',	NULL,	NULL,	NULL),
(3204010003,	3204010,	-7.0913109,	107.4588131,	'PANYOCOKAN',	NULL,	NULL,	NULL),
(3204010004,	3204010,	-7.0951469,	107.4262813,	'LEBAKMUNCANG',	NULL,	NULL,	NULL),
(3204010005,	3204010,	-7.0663918,	107.4351532,	'RAWABOGO',	NULL,	NULL,	NULL),
(3204010006,	3204010,	-7.0760409,	107.4528979,	'NENGKELAN',	NULL,	NULL,	NULL),
(3204010007,	3204010,	-7.0627884,	107.4617707,	'SUKAWENING',	NULL,	NULL,	NULL),
(3204011001,	3204011,	-7.193280699999999,	107.2961953,	'CIPELAH',	NULL,	NULL,	NULL),
(3204011002,	3204011,	-7.196396600000001,	107.3494043,	'SUKARESMI',	NULL,	NULL,	NULL),
(3204011003,	3204011,	-7.1298056,	107.3316667,	'INDRAGIRI',	NULL,	NULL,	NULL),
(3204011004,	3204011,	-7.1540756,	107.3730563,	'PATENGAN',	NULL,	NULL,	NULL),
(3204011005,	3204011,	-7.124549699999999,	107.4240957,	'ALAMENDAH',	NULL,	NULL,	NULL),
(3204020001,	3204020,	-7.2026011,	107.4558555,	'SUGIHMUKTI',	NULL,	NULL,	NULL),
(3204020002,	3204020,	-7.145466499999999,	107.4617707,	'MARGAMULYA',	NULL,	NULL,	NULL),
(3204020003,	3204020,	-7.121859,	107.4706438,	'TENJOLAYA',	NULL,	NULL,	NULL),
(3204020004,	3204020,	-7.1238703,	107.485433,	'CISONDARI',	NULL,	NULL,	NULL),
(3204020005,	3204020,	-7.154427399999999,	107.497265,	'MEKARSARI',	NULL,	NULL,	NULL),
(3204020006,	3204020,	-7.102742500000001,	107.497265,	'CIBODAS',	NULL,	NULL,	NULL),
(3204020007,	3204020,	-7.084548499999999,	107.500223,	'CUKANGGENTENG',	NULL,	NULL,	NULL),
(3204020008,	3204020,	-7.097404399999999,	107.482896,	'PASIRJAMBU',	NULL,	NULL,	NULL),
(3204020009,	3204020,	-7.087151400000001,	107.4662073,	'MEKARMAJU',	NULL,	NULL,	NULL),
(3204020010,	3204020,	-7.064575,	107.4824751,	'CIKONENG',	NULL,	NULL,	NULL),
(3204030001,	3204030,	-7.119763300000001,	107.557912,	'CIKALONG',	NULL,	NULL,	NULL),
(3204030002,	3204030,	-7.1224275,	107.5889804,	'MEKARSARI',	NULL,	NULL,	NULL),
(3204030003,	3204030,	-7.1029176,	107.5593913,	'CIPINANG',	NULL,	NULL,	NULL),
(3204030004,	3204030,	-7.0924225,	107.5594431,	'CIMAUNG',	NULL,	NULL,	NULL),
(3204030005,	3204030,	-7.1118663,	107.5948986,	'CAMPAKAMULYA',	NULL,	NULL,	NULL),
(3204030006,	3204030,	-7.0970638,	107.5771444,	'PASIRHUNI',	NULL,	NULL,	NULL),
(3204030007,	3204030,	-7.0768694,	107.5653089,	'JAGABAYA',	NULL,	NULL,	NULL),
(3204030008,	3204030,	-7.0881123,	107.5416395,	'MALASARI',	NULL,	NULL,	NULL),
(3204030009,	3204030,	-7.1092314,	107.5298055,	'SUKAMAJU',	NULL,	NULL,	NULL),
(3204030010,	3204030,	-7.1403944,	107.5919395,	'WARJABAKTI',	NULL,	NULL,	NULL),
(3204040001,	3204040,	-7.2640546,	107.6037761,	'WANASUKA',	NULL,	NULL,	NULL),
(3204040002,	3204040,	-7.2330013,	107.6037761,	'BANJARSARI',	NULL,	NULL,	NULL),
(3204040003,	3204040,	-7.2348751,	107.5564326,	'MARGALUYU',	NULL,	NULL,	NULL),
(3204040004,	3204040,	-7.236277,	107.5209304,	'SUKALUYU',	NULL,	NULL,	NULL),
(3204040005,	3204040,	-7.1953417,	107.5090974,	'WARNASARI',	NULL,	NULL,	NULL),
(3204040006,	3204040,	-7.1732615,	107.544598,	'PULOSARI',	NULL,	NULL,	NULL),
(3204040007,	3204040,	-7.1952549,	107.5771444,	'MARGAMEKAR',	NULL,	NULL,	NULL),
(3204040008,	3204040,	-7.204665800000001,	107.6008169,	'SUKAMANAH',	NULL,	NULL,	NULL),
(3204040009,	3204040,	-7.191153600000001,	107.6156133,	'MARGAMUKTI',	NULL,	NULL,	NULL),
(3204040010,	3204040,	-7.1734081,	107.6067354,	'PANGALENGAN',	NULL,	NULL,	NULL),
(3204040011,	3204040,	-7.161994,	107.5682677,	'MARGAMULYA',	NULL,	NULL,	NULL),
(3204040012,	3204040,	-7.1487246,	107.5771444,	'TRIBAKTIMULYA',	NULL,	NULL,	NULL),
(3204040013,	3204040,	-7.1319073,	107.544598,	'LAMAJANG',	NULL,	NULL,	NULL),
(3204050001,	3204050,	-7.285913699999999,	107.7044085,	'NEGLAWANGI',	NULL,	NULL,	NULL),
(3204050002,	3204050,	-7.251945000000001,	107.636803,	'SANTOSA',	NULL,	NULL,	NULL),
(3204050003,	3204050,	-7.225714399999998,	107.6570475,	'TARUMAJAYA',	NULL,	NULL,	NULL),
(3204050004,	3204050,	-7.209025,	107.6866471,	'CIKEMBANG',	NULL,	NULL,	NULL),
(3204050005,	3204050,	-7.1892838,	107.6629672,	'CIBEUREUM',	NULL,	NULL,	NULL),
(3204050006,	3204050,	-7.187408800000001,	107.7103291,	'CIHAWUK',	NULL,	NULL,	NULL),
(3204050007,	3204050,	-7.164741699999999,	107.6955277,	'SUKAPURA',	NULL,	NULL,	NULL),
(3204060001,	3204060,	-7.155575499999999,	107.665927,	'CIKITU',	NULL,	NULL,	NULL),
(3204060002,	3204060,	-7.1654426,	107.6777669,	'GIRIMULYA',	NULL,	NULL,	NULL),
(3204060003,	3204060,	-7.155940699999999,	107.7221709,	'SUKARAME',	NULL,	NULL,	NULL),
(3204060004,	3204060,	-7.1321186,	107.7369738,	'CIKAWAO',	NULL,	NULL,	NULL),
(3204060005,	3204060,	-7.122259499999999,	107.7251314,	'NAGRAK',	NULL,	NULL,	NULL),
(3204060006,	3204060,	-7.112400399999999,	107.7132895,	'MANDALAHAJI',	NULL,	NULL,	NULL),
(3204060007,	3204060,	-7.1089354,	107.7029283,	'MARUYUNG',	NULL,	NULL,	NULL),
(3204060008,	3204060,	-7.145243300000001,	107.665927,	'PANGAUBAN',	NULL,	NULL,	NULL),
(3204060009,	3204060,	-7.140775,	107.6481682,	'CINANGGELA',	NULL,	NULL,	NULL),
(3204060010,	3204060,	-7.1245838,	107.665927,	'MEKARJAYA',	NULL,	NULL,	NULL),
(3204060011,	3204060,	-7.1086304,	107.6777669,	'MEKARSARI',	NULL,	NULL,	NULL),
(3204060012,	3204060,	-7.091987899999999,	107.7073688,	'CIPEUJEUH',	NULL,	NULL,	NULL),
(3204060013,	3204060,	-7.0863647,	107.7192104,	'TANJUNGWANGI',	NULL,	NULL,	NULL),
(3204070001,	3204070,	-7.131651799999999,	107.7488167,	'NEGLASARI',	NULL,	NULL,	NULL),
(3204070002,	3204070,	-7.1415099,	107.7606601,	'DUKUH',	NULL,	NULL,	NULL),
(3204070003,	3204070,	-7.1307171,	107.772504,	'IBUN',	NULL,	NULL,	NULL),
(3204070004,	3204070,	-7.140339,	107.7902707,	'LAKSANA',	NULL,	NULL,	NULL),
(3204070005,	3204070,	-7.1196934,	107.7902707,	'MEKARWANGI',	NULL,	NULL,	NULL),
(3204070006,	3204070,	-7.0805827,	107.7680624,	'SUDI',	NULL,	NULL,	NULL),
(3204070007,	3204070,	-7.088552399999999,	107.7621405,	'CIBEET',	NULL,	NULL,	NULL),
(3204070008,	3204070,	-7.1006839,	107.7488167,	'PANGGUH',	NULL,	NULL,	NULL),
(3204070009,	3204070,	-7.078583699999999,	107.7532579,	'KARYALAKSANA',	NULL,	NULL,	NULL),
(3204070010,	3204070,	-7.0706153,	107.7591796,	'LAMPEGAN',	NULL,	NULL,	NULL),
(3204070011,	3204070,	-7.0652266,	107.7651015,	'TALUN',	NULL,	NULL,	NULL),
(3204070012,	3204070,	-7.0556451,	107.7628808,	'TANGGULUN',	NULL,	NULL,	NULL),
(3204080001,	3204080,	-7.091200199999999,	107.7932319,	'LOA',	NULL,	NULL,	NULL),
(3204080002,	3204080,	-7.077724799999999,	107.8080386,	'DRAWATI',	NULL,	NULL,	NULL),
(3204080003,	3204080,	-7.0631844,	107.7843483,	'CIPAKU',	NULL,	NULL,	NULL),
(3204080004,	3204080,	-7.078886900000001,	107.7784261,	'SINDANGSARI',	NULL,	NULL,	NULL),
(3204080005,	3204080,	-7.0547982,	107.7680624,	'SUKAMANTRI',	NULL,	NULL,	NULL),
(3204080006,	3204080,	-7.045045099999999,	107.7702832,	'SUKAMANAH',	NULL,	NULL,	NULL),
(3204080007,	3204080,	-7.043909699999999,	107.7828678,	'MEKARPAWITAN',	NULL,	NULL,	NULL),
(3204080008,	3204080,	-7.0360628,	107.7858289,	'CIJAGRA',	NULL,	NULL,	NULL),
(3204080009,	3204080,	-7.030793699999999,	107.7887901,	'TANGSIMEKAR',	NULL,	NULL,	NULL),
(3204080010,	3204080,	-7.0331395,	107.7947126,	'CIPEDES',	NULL,	NULL,	NULL),
(3204080011,	3204080,	-7.058332,	107.8095193,	'KARANGTUNGGAL',	NULL,	NULL,	NULL),
(3204080012,	3204080,	-7.0176811,	107.7947126,	'CIGENTUR',	NULL,	NULL,	NULL),
(3204090001,	3204090,	-7.0667149,	107.8258075,	'SRIRAHAYU',	NULL,	NULL,	NULL),
(3204090002,	3204090,	-7.0400602,	107.8154422,	'CILULUK',	NULL,	NULL,	NULL),
(3204090003,	3204090,	-7.0507864,	107.8376541,	'MEKARLAKSANA',	NULL,	NULL,	NULL),
(3204090004,	3204090,	-7.030868799999999,	107.8198844,	'CIHANYIR',	NULL,	NULL,	NULL),
(3204090005,	3204090,	-7.0304061,	107.8317307,	'CIKANCUNG',	NULL,	NULL,	NULL),
(3204090006,	3204090,	-7.018641199999999,	107.8361732,	'MANDALASARI',	NULL,	NULL,	NULL),
(3204090007,	3204090,	-7.0046499,	107.8317307,	'HEGARMANAH',	NULL,	NULL,	NULL),
(3204090008,	3204090,	-7.005110999999999,	107.8198844,	'CIKASUNGKA',	NULL,	NULL,	NULL),
(3204090009,	3204090,	-6.999076,	107.8095193,	'TANJUNGLAYA',	NULL,	NULL,	NULL),
(3204100001,	3204100,	-6.992736400000001,	107.8731968,	'NAGROG',	NULL,	NULL,	NULL),
(3204100002,	3204100,	-7.014026599999999,	107.8554249,	'NARAWITA',	NULL,	NULL,	NULL),
(3204100003,	3204100,	-7.009338499999999,	107.8435776,	'MARGAASIH',	NULL,	NULL,	NULL),
(3204100004,	3204100,	-6.992429599999999,	107.8480203,	'CICALENGKA WETAN',	NULL,	NULL,	NULL),
(3204100005,	3204100,	-6.9842824,	107.8258075,	'CIKUYA',	NULL,	NULL,	NULL),
(3204100006,	3204100,	-6.9954649,	107.8361732,	'WALUYA',	NULL,	NULL,	NULL),
(3204100007,	3204100,	-6.9727564,	107.8243267,	'PANENJOAN',	NULL,	NULL,	'LEVEL_4_CONTAIN'),
(3204100008,	3204100,	-6.9786744,	107.8376541,	'TENJOLAYA',	NULL,	NULL,	NULL),
(3204100009,	3204100,	-6.987011499999999,	107.8383945,	'CICALENGKA KULON',	NULL,	NULL,	NULL),
(3204100010,	3204100,	-6.9882801,	107.8554249,	'BABAKANPEUTEUY',	NULL,	NULL,	NULL),
(3204100011,	3204100,	-6.972607200000001,	107.8613487,	'DAMPIT',	NULL,	NULL,	NULL),
(3204100012,	3204100,	-6.96608,	107.8968943,	'TANJUNGWANGI',	NULL,	NULL,	NULL),
(3204101001,	3204101,	-7.0343994,	107.8613487,	'MANDALAWANGI',	NULL,	NULL,	NULL),
(3204101002,	3204101,	-7.036394899999999,	107.8761588,	'BOJONG',	NULL,	NULL,	NULL),
(3204101003,	3204101,	-7.0354651,	107.8998566,	'CIHERANG',	NULL,	NULL,	NULL),
(3204101004,	3204101,	-7.0423765,	107.9205937,	'CIARO',	NULL,	NULL,	NULL),
(3204101005,	3204101,	NULL,	NULL,	'NAGREG',	NULL,	NULL,	'LEVEL_4_INSIDE_CONTAIN_LEVEL_234'),
(3204101006,	3204101,	-7.0079514,	107.879121,	'CITAMAN',	NULL,	NULL,	NULL),
(3204110001,	3204110,	-6.987721800000001,	107.7369738,	'SUKAMANAH',	NULL,	NULL,	NULL),
(3204110002,	3204110,	-6.9778769,	107.7251314,	'TEGALSUMEDANG',	NULL,	NULL,	NULL),
(3204110003,	3204110,	-6.972042,	107.7428952,	'RANCAEKEK KULON',	NULL,	NULL,	NULL),
(3204110004,	3204110,	-6.9715853,	107.7547383,	'RANCAEKEK WETAN',	NULL,	NULL,	'LEVEL_4_CONTAIN'),
(3204110005,	3204110,	-6.9870354,	107.7547383,	'BOJONGLOA',	NULL,	NULL,	NULL),
(3204110006,	3204110,	-6.9603743,	107.7784261,	'JELEGONG',	NULL,	NULL,	NULL),
(3204110007,	3204110,	-6.965065,	107.7902707,	'LINGGAR',	NULL,	NULL,	NULL),
(3204110008,	3204110,	-6.9846596,	107.7828678,	'SUKAMULYA',	NULL,	NULL,	NULL),
(3204110009,	3204110,	-6.9947303,	107.7887901,	'HAURPUGUR',	NULL,	NULL,	NULL),
(3204110010,	3204110,	-7.0008813,	107.7961932,	'SANGIANG',	NULL,	NULL,	NULL),
(3204110011,	3204110,	-6.988891199999999,	107.8065579,	'BOJONGSALAM',	NULL,	NULL,	NULL),
(3204110012,	3204110,	-6.9802816,	107.7961932,	'CANGKUANG',	NULL,	NULL,	NULL),
(3204110013,	3204110,	-6.970641199999999,	107.8124807,	'NANJUNGMEKAR',	NULL,	NULL,	NULL),
(3204120001,	3204120,	-7.075583600000001,	107.7310526,	'NEGLASARI',	NULL,	NULL,	NULL),
(3204120002,	3204120,	-7.0751206,	107.7428952,	'WANGISAGARA',	NULL,	NULL,	NULL),
(3204120003,	3204120,	-7.047873099999999,	107.7473363,	'PADAMULYA',	NULL,	NULL,	NULL),
(3204120004,	3204120,	-7.0609951,	107.7414148,	'SUKAMUKTI',	NULL,	NULL,	NULL),
(3204120005,	3204120,	-7.0392544,	107.7369738,	'PADAULUN',	NULL,	NULL,	NULL),
(3204120006,	3204120,	-7.055183899999999,	107.7251314,	'BIRU',	NULL,	NULL,	NULL),
(3204120007,	3204120,	-7.0552607,	107.7562187,	'SUKAMAJU',	NULL,	NULL,	NULL),
(3204120008,	3204120,	-7.034639299999999,	107.7562187,	'MAJASETRA',	NULL,	NULL,	NULL),
(3204120009,	3204120,	-7.0517978,	107.7458559,	'MAJALAYA',	NULL,	NULL,	NULL),
(3204120010,	3204120,	-7.0414675,	107.7628808,	'MAJAKERTA',	NULL,	NULL,	NULL),
(3204120011,	3204120,	-7.0391017,	107.7739845,	'BOJONG',	NULL,	NULL,	NULL),
(3204121001,	3204121,	-7.0275629,	107.772504,	'PANYADAP',	NULL,	NULL,	NULL),
(3204121002,	3204121,	-7.0121043,	107.772504,	'PADAMUKTI',	NULL,	NULL,	NULL),
(3204121003,	3204121,	-7.013794799999999,	107.7621405,	'CIBODAS',	NULL,	NULL,	NULL),
(3204121004,	3204121,	-7.006410700000001,	107.7532579,	'LANGENSARI',	NULL,	NULL,	NULL),
(3204121005,	3204121,	-7.008100400000001,	107.7428952,	'SOLOKANJERUK',	NULL,	NULL,	NULL),
(3204121006,	3204121,	-7.0186363,	107.7369738,	'RANCAKASUMBA',	NULL,	NULL,	NULL),
(3204121007,	3204121,	-7.003635399999999,	107.7251314,	'BOJONGEMAS',	NULL,	NULL,	NULL),
(3204130001,	3204130,	-7.1147198,	107.6540877,	'BABAKAN',	NULL,	NULL,	'LEVEL_4_EXACT_LEVEL_4'),
(3204130002,	3204130,	-7.0765087,	107.7073688,	'CIKONENG',	NULL,	NULL,	NULL),
(3204130003,	3204130,	-7.064868799999999,	107.7072787,	'SIGARACIPTA',	NULL,	NULL,	NULL),
(3204130004,	3204130,	-7.049371499999999,	107.708849,	'PAKUTANDANG',	NULL,	NULL,	NULL),
(3204130005,	3204130,	-7.043754499999999,	107.7206907,	'MANGGUNGHARJA',	NULL,	NULL,	NULL),
(3204130006,	3204130,	-7.0289445,	107.7369738,	'MEKARSARI',	NULL,	NULL,	NULL),
(3204130007,	3204130,	-7.0401751,	107.7132895,	'CIPARAY',	NULL,	NULL,	NULL),
(3204130008,	3204130,	-7.0045509,	107.7014482,	'SUMBERSARI',	NULL,	NULL,	NULL),
(3204130009,	3204130,	-7.0261698,	107.708849,	'SARIMAHI',	NULL,	NULL,	NULL),
(3204130010,	3204130,	-7.021473599999999,	107.6970078,	'SERANGMEKAR',	NULL,	NULL,	NULL),
(3204130011,	3204130,	-7.0365956,	107.7058886,	'GUNUNGLEUTIK',	NULL,	NULL,	NULL),
(3204130012,	3204130,	-7.025855699999999,	107.683687,	'CIHEULANG',	NULL,	NULL,	NULL),
(3204130013,	3204130,	-7.0666527,	107.6955277,	'MEKARLAKSANA',	NULL,	NULL,	NULL),
(3204130014,	3204130,	-7.0408649,	107.6955277,	'BUMIWANGI',	NULL,	NULL,	NULL),
(3204140001,	3204140,	-7.0267716,	107.6600073,	'JELEKONG',	NULL,	NULL,	NULL),
(3204140002,	3204140,	-7.022301199999999,	107.6422488,	'MANGGAHANG',	NULL,	NULL,	NULL),
(3204140003,	3204140,	-7.014681299999999,	107.6392892,	'BALEENDAH',	NULL,	NULL,	NULL),
(3204140004,	3204140,	-6.99228,	107.6185727,	'ANDIR',	NULL,	NULL,	NULL),
(3204140005,	3204140,	-7.008200299999999,	107.6067354,	'MALAKASARI',	NULL,	NULL,	NULL),
(3204140006,	3204140,	-6.991502100000001,	107.6052558,	'BOJONGMALAKA',	NULL,	NULL,	NULL),
(3204140007,	3204140,	-6.988033,	107.5948986,	'RANCAMANYAR',	NULL,	NULL,	NULL),
(3204140008,	3204140,	-7.0211581,	107.6718469,	'WARGAMEKAR',	NULL,	NULL,	NULL),
(3204150001,	3204150,	-7.0459926,	107.5963782,	'BATUKARUT',	NULL,	NULL,	NULL),
(3204150002,	3204150,	-7.0799663,	107.6185727,	'MANGUNJAYA',	NULL,	NULL,	NULL),
(3204150003,	3204150,	-7.069414399999999,	107.6244915,	'MEKARJAYA',	NULL,	NULL,	NULL),
(3204150004,	3204150,	-7.0541636,	107.6185727,	'BAROS',	NULL,	NULL,	NULL),
(3204150005,	3204150,	-7.0443029,	107.6067354,	'LEBAKWANGI',	NULL,	NULL,	NULL),
(3204150006,	3204150,	-7.0357651,	107.627451,	'WARGALUYU',	NULL,	NULL,	NULL),
(3204150007,	3204150,	-7.0548926,	107.6451089,	'ARJASARI',	NULL,	NULL,	NULL),
(3204150008,	3204150,	-7.083746199999999,	107.6540877,	'PINGGIRSARI',	NULL,	NULL,	NULL),
(3204150009,	3204150,	-7.057256799999999,	107.6718469,	'PATROLSARI',	NULL,	NULL,	NULL),
(3204150010,	3204150,	-7.0725035,	107.6777669,	'RANCAKOLE',	NULL,	NULL,	NULL),
(3204150011,	3204150,	-7.0933761,	107.6718469,	'ANCOLMEKAR',	NULL,	NULL,	NULL),
(3204160001,	3204160,	-7.0961438,	107.6008169,	'MEKARJAYA',	NULL,	NULL,	NULL),
(3204160002,	3204160,	-7.0742714,	107.6043898,	'BANJARAN WETAN',	NULL,	NULL,	NULL),
(3204160003,	3204160,	-7.066862599999999,	107.5904599,	'CIAPUS',	NULL,	NULL,	NULL),
(3204160004,	3204160,	-7.0606974,	107.5830623,	'SINDANGPANON',	NULL,	NULL,	NULL),
(3204160005,	3204160,	-7.066316199999999,	107.5712266,	'NEGLASARI',	NULL,	NULL,	NULL),
(3204160006,	3204160,	-7.0628451,	107.5608707,	'MARGAHURIP',	NULL,	NULL,	NULL),
(3204160007,	3204160,	-7.0508332,	107.5712266,	'KIANGROKE',	NULL,	NULL,	NULL),
(3204160008,	3204160,	-7.046677799999999,	107.5786238,	'KAMASAN',	NULL,	NULL,	NULL),
(3204160009,	3204160,	-7.0555388,	107.5767035,	'BANJARAN',	NULL,	NULL,	NULL),
(3204160010,	3204160,	-7.0361309,	107.5845418,	'TARAJUSARI',	NULL,	NULL,	NULL),
(3204160011,	3204160,	-7.112753799999999,	107.6052558,	'PASIRMULYA',	NULL,	NULL,	NULL),
(3204161001,	3204161,	-7.0780135,	107.5357224,	'JATISARI',	NULL,	NULL,	NULL),
(3204161002,	3204161,	-7.0609493,	107.5431187,	'NAGRAK',	NULL,	NULL,	NULL),
(3204161003,	3204161,	-7.0627532,	107.5298055,	'BANDASARI',	NULL,	NULL,	NULL),
(3204161004,	3204161,	-7.051195799999999,	107.5283263,	'PANANJUNG',	NULL,	NULL,	NULL),
(3204161005,	3204161,	-7.0465849,	107.5475566,	'CILUNCAT',	NULL,	NULL,	NULL),
(3204161006,	3204161,	-7.047883300000001,	107.5438798,	'CANGKUANG',	NULL,	NULL,	NULL),
(3204161007,	3204161,	-7.0405133,	107.5712266,	'TANJUNGSARI',	NULL,	NULL,	NULL),
(3204170001,	3204170,	-7.0278234,	107.5993373,	'BOJONGMANGGU',	NULL,	NULL,	NULL),
(3204170002,	3204170,	-7.022323999999999,	107.608215,	'LANGONSARI',	NULL,	NULL,	NULL),
(3204170003,	3204170,	-7.0255863,	107.5904599,	'SUKASARI',	NULL,	NULL,	NULL),
(3204170004,	3204170,	-7.008655099999999,	107.5948986,	'RANCAMULYA',	NULL,	NULL,	NULL),
(3204170005,	3204170,	-7.0234627,	107.5786238,	'RANCATUNGKU',	NULL,	NULL,	NULL),
(3204170006,	3204170,	-7.0147208,	107.5712266,	'BOJONGKUNCI',	NULL,	NULL,	NULL),
(3204180004,	3204180,	-7.024599299999999,	107.5490359,	'GANDASARI',	NULL,	NULL,	NULL),
(3204180005,	3204180,	-6.9980517,	107.5558745,	'KATAPANG',	NULL,	NULL,	NULL),
(3204180006,	3204180,	-6.990963,	107.5519946,	'CILAMPENI',	NULL,	NULL,	NULL),
(3204180007,	3204180,	-7.0011626,	107.5549533,	'PANGAUBAN',	NULL,	NULL,	NULL),
(3204180008,	3204180,	-7.015174999999999,	107.5593913,	'BANYUSARI',	NULL,	NULL,	NULL),
(3204180009,	3204180,	-6.999477,	107.5653089,	'SANGKANHURIP',	NULL,	NULL,	NULL),
(3204180010,	3204180,	-6.9987969,	107.5830623,	'SUKAMUKTI',	NULL,	NULL,	NULL),
(3204190002,	3204190,	-7.034040999999999,	107.5046602,	'SADU',	NULL,	NULL,	NULL),
(3204190003,	3204190,	-7.063892399999999,	107.500223,	'SUKAJADI',	NULL,	NULL,	NULL),
(3204190004,	3204190,	-7.0582743,	107.5120556,	'SUKANAGARA',	NULL,	NULL,	NULL),
(3204190005,	3204190,	-7.0409874,	107.525368,	'PANYIRAPAN',	NULL,	NULL,	NULL),
(3204190006,	3204190,	-7.0389749,	107.5105765,	'KARAMATMULYA',	NULL,	NULL,	NULL),
(3204190007,	3204190,	-7.025201999999999,	107.5259078,	'SOREANG',	NULL,	NULL,	NULL),
(3204190008,	3204190,	-7.0214677,	107.5298055,	'PAMEKARAN',	NULL,	NULL,	NULL),
(3204190019,	3204190,	-7.0123834,	107.5312848,	'PARUNGSERAB',	NULL,	NULL,	NULL),
(3204190020,	3204190,	-7.014622699999999,	107.5401602,	'SEKARWANGI',	NULL,	NULL,	NULL),
(3204190021,	3204190,	-7.0261729,	107.5416395,	'CINGCIN',	NULL,	NULL,	NULL),
(3204191001,	3204191,	-7.0412294,	107.485433,	'CILAME',	NULL,	NULL,	NULL),
(3204191002,	3204191,	-7.0226004,	107.500223,	'BUNINAGARA',	NULL,	NULL,	NULL),
(3204191003,	3204191,	-7.0116032,	107.5179721,	'PADASUKA',	NULL,	NULL,	NULL),
(3204191004,	3204191,	-7.007574399999999,	107.488391,	'SUKAMULYA',	NULL,	NULL,	NULL),
(3204191005,	3204191,	-6.996581,	107.5061393,	'KUTAWARINGIN',	NULL,	NULL,	NULL),
(3204191006,	3204191,	-6.9954519,	107.5357224,	'KOPO',	NULL,	NULL,	NULL),
(3204191007,	3204191,	-6.9862667,	107.5061393,	'CIBODAS',	NULL,	NULL,	NULL),
(3204191008,	3204191,	-6.975504099999999,	107.5179721,	'JATISARI',	NULL,	NULL,	NULL),
(3204191009,	3204191,	-6.9492829,	107.5298055,	'JELEGONG',	NULL,	NULL,	NULL),
(3204191010,	3204191,	-6.9761735,	107.5342432,	'GAJAHMEKAR',	NULL,	NULL,	NULL),
(3204191011,	3204191,	-6.980877599999999,	107.5460773,	'PAMEUNTASAN',	NULL,	NULL,	NULL),
(3204250001,	3204250,	-6.9554437,	107.5372017,	'NANJUNG',	NULL,	NULL,	NULL),
(3204250002,	3204250,	-6.9741519,	107.5534739,	'MEKAR RAHAYU',	NULL,	NULL,	NULL),
(3204250003,	3204250,	-6.9586901,	107.5534739,	'RAHAYU',	NULL,	NULL,	NULL),
(3204250004,	3204250,	-6.944464,	107.5549533,	'CIGONDEWAH HILIR',	NULL,	NULL,	NULL),
(3204250005,	3204250,	-6.954021000000001,	107.5573539,	'MARGAASIH',	NULL,	NULL,	NULL),
(3204250006,	3204250,	-6.9259863,	107.532764,	'LAGADAR',	NULL,	NULL,	NULL),
(3204260001,	3204260,	-6.983783799999999,	107.5712266,	'SULAEMAN',	NULL,	NULL,	NULL),
(3204260002,	3204260,	-6.971678,	107.5845418,	'SUKAMENAK',	NULL,	NULL,	NULL),
(3204260003,	3204260,	-6.972016900000001,	107.5756649,	'SAYATI',	NULL,	NULL,	NULL),
(3204260004,	3204260,	-6.972355599999999,	107.5667883,	'MARGAHAYU SELATAN',	NULL,	NULL,	NULL),
(3204260005,	3204260,	-6.959246299999999,	107.572706,	'MARGAHAYU TENGAH',	NULL,	NULL,	NULL),
(3204270001,	3204270,	-6.9725708,	107.5948986,	'CANGKUANG KULON',	NULL,	NULL,	NULL),
(3204270002,	3204270,	-6.970886699999999,	107.6052558,	'CANGKUANG WETAN',	NULL,	NULL,	NULL),
(3204270003,	3204270,	-6.9679709,	107.6141336,	'PASAWAHAN',	NULL,	NULL,	NULL),
(3204270004,	3204270,	-6.985107999999999,	107.6207922,	'DAYEUHKOLOT',	NULL,	NULL,	NULL),
(3204270005,	3204270,	-6.9765919,	107.6244915,	'CITEUREUP',	NULL,	NULL,	NULL),
(3204270006,	3204270,	-6.9699811,	107.6289307,	'SUKAPURA',	NULL,	NULL,	NULL),
(3204280001,	3204280,	-7.001223599999999,	107.6540877,	'BOJONGSARI',	NULL,	NULL,	NULL),
(3204280002,	3204280,	-7.0037585,	107.6478182,	'BOJONGSOANG',	NULL,	NULL,	NULL),
(3204280003,	3204280,	-6.9806098,	107.6540877,	'LENGKONG',	NULL,	NULL,	NULL),
(3204280004,	3204280,	-6.970305400000001,	107.6540877,	'CIPAGALO',	NULL,	NULL,	NULL),
(3204280005,	3204280,	-6.9799276,	107.6718469,	'BUAHBATU',	NULL,	NULL,	NULL),
(3204280006,	3204280,	-6.981934499999999,	107.6866471,	'TEGALLUAR',	NULL,	NULL,	NULL),
(3204290001,	3204290,	-6.968032099999999,	107.7132895,	'CIBIRU HILIR',	NULL,	NULL,	NULL),
(3204290002,	3204290,	-6.9351148,	107.7325329,	'CINUNUK',	NULL,	NULL,	NULL),
(3204290003,	3204290,	-6.9374613,	107.7384541,	'CIMEKAR',	NULL,	NULL,	NULL),
(3204290004,	3204290,	-6.9423812,	107.7443756,	'CILEUNYI KULON',	NULL,	NULL,	NULL),
(3204290005,	3204290,	-6.9149674,	107.7547383,	'CILEUNYI WETAN',	NULL,	NULL,	NULL),
(3204290006,	3204290,	-6.9118447,	107.7354935,	'CIBIRU WETAN',	NULL,	NULL,	NULL),
(3204300001,	3204300,	-6.8758474,	107.7014482,	'GIRIMEKAR',	NULL,	NULL,	NULL),
(3204300002,	3204300,	-6.9004498,	107.6970078,	'JATIENDAH',	NULL,	NULL,	NULL),
(3204300003,	3204300,	-6.8846794,	107.7058886,	'MELATIWANGI',	NULL,	NULL,	NULL),
(3204300004,	3204300,	-6.8463366,	107.7340132,	'CIPANJALU',	NULL,	NULL,	NULL),
(3204300005,	3204300,	-6.8800908,	107.7251314,	'CIPOREAT',	NULL,	NULL,	NULL),
(3204300006,	3204300,	-6.8901515,	107.7310526,	'CILENGKRANG',	NULL,	NULL,	NULL),
(3204310001,	3204310,	-6.8780895,	107.6422488,	'CIBEUNYING',	NULL,	NULL,	NULL),
(3204310002,	3204310,	-6.8865886,	107.6555676,	'PADASUKA',	NULL,	NULL,	NULL),
(3204310003,	3204310,	-6.873055799999999,	107.6733269,	'MANDALAMEKAR',	NULL,	NULL,	NULL),
(3204310004,	3204310,	-6.8765209,	107.683687,	'CIKADUT',	NULL,	NULL,	NULL),
(3204310005,	3204310,	-6.885353899999999,	107.6881272,	'SINDANGLAYA',	NULL,	NULL,	NULL),
(3204310006,	3204310,	-6.857962,	107.6984879,	'MEKARMANIK',	NULL,	NULL,	NULL),
(3204310007,	3204310,	-6.8739583,	107.6589922,	'CIMENYAN',	NULL,	NULL,	NULL),
(3204310008,	3204310,	-6.8622111,	107.6540877,	'MEKARSALUYU',	NULL,	NULL,	NULL),
(3204310009,	3204310,	-6.8575149,	107.6422488,	'CIBURIAL',	NULL,	NULL,	NULL),
(3217010001,	3217010,	-6.9864715,	107.2961953,	'CICADAS',	NULL,	NULL,	NULL),
(3217010002,	3217010,	-7.0100384,	107.2873282,	'CIBEDUG',	NULL,	NULL,	NULL),
(3217010003,	3217010,	-6.9999042,	107.2134482,	'SUKAMANAH',	NULL,	NULL,	NULL),
(3217010004,	3217010,	-6.9734225,	107.2311774,	'BOJONG',	NULL,	NULL,	NULL),
(3217010005,	3217010,	-6.9878036,	107.2607289,	'BOJONGSALAM',	NULL,	NULL,	NULL),
(3217010006,	3217010,	-6.9667134,	107.2725505,	'CINENGAH',	NULL,	NULL,	NULL),
(3217010007,	3217010,	-6.9465147,	107.2607289,	'SUKARESMI',	NULL,	NULL,	NULL),
(3217010008,	3217010,	-6.9241192,	107.3080186,	'CIBITUNG',	NULL,	NULL,	NULL),
(3217020001,	3217020,	-7.0403454,	107.2370874,	'CILANGARI',	NULL,	NULL,	NULL),
(3217020002,	3217020,	-7.0309013,	107.2134482,	'SINDANGJAYA',	NULL,	NULL,	NULL),
(3217020003,	3217020,	-7.0286731,	107.2725505,	'BUNIJAYA',	NULL,	NULL,	NULL),
(3217020004,	3217020,	-7.048891999999999,	107.2843726,	'SIRNAJAYA',	NULL,	NULL,	NULL),
(3217020005,	3217020,	-7.0731576,	107.3257545,	'GUNUNGHALU',	NULL,	NULL,	NULL),
(3217020006,	3217020,	-7.0255404,	107.3553171,	'CELAK',	NULL,	NULL,	NULL),
(3217020007,	3217020,	-7.016109399999999,	107.3316667,	'WARGASALUYU',	NULL,	NULL,	NULL),
(3217020008,	3217020,	-6.9846911,	107.3434916,	'SUKASARI',	NULL,	NULL,	NULL),
(3217020009,	3217020,	-6.9959052,	107.3198424,	'TAMANJAYA',	NULL,	NULL,	NULL),
(3217030001,	3217030,	-7.0753872,	107.4026244,	'MEKARWANGI',	NULL,	NULL,	NULL),
(3217030002,	3217030,	-7.0452976,	107.3789697,	'WENINGGALIH',	NULL,	NULL,	NULL),
(3217030003,	3217030,	-7.033617899999999,	107.4144526,	'WANGUNSARI',	NULL,	NULL,	NULL),
(3217030004,	3217030,	-7.0327155,	107.4381106,	'BUNINAGARA',	NULL,	NULL,	NULL),
(3217030005,	3217030,	-6.9947966,	107.4174097,	'CIKADU',	NULL,	NULL,	NULL),
(3217030006,	3217030,	-7.0129701,	107.4144526,	'RANCA SENGGANG',	NULL,	NULL,	NULL),
(3217030007,	3217030,	-6.990714,	107.400299,	'CINTAKARYA',	NULL,	NULL,	NULL),
(3217030008,	3217030,	-7.0039941,	107.3789697,	'CICANGKANG GIRANG',	NULL,	NULL,	NULL),
(3217030009,	3217030,	-6.989299,	107.3922752,	'PUNCAKSARI',	NULL,	NULL,	NULL),
(3217030010,	3217030,	-6.9802143,	107.3937536,	'PASIRPOGOR',	NULL,	NULL,	NULL),
(3217030011,	3217030,	-6.990714,	107.400299,	'SINDANGKERTA',	NULL,	NULL,	NULL),
(3217040001,	3217040,	-7.0340533,	107.4706438,	'KARYAMUKTI',	NULL,	NULL,	NULL),
(3217040002,	3217040,	-7.0214897,	107.4617707,	'NANGGERANG',	NULL,	NULL,	NULL),
(3217040003,	3217040,	-6.9905332,	107.4617707,	'MUKAPAYUNG',	NULL,	NULL,	NULL),
(3217040004,	3217040,	-6.998049,	107.4336746,	'RANCAPANGGUNG',	NULL,	NULL,	NULL),
(3217040005,	3217040,	-6.954543699999999,	107.4248027,	'BONGAS',	NULL,	NULL,	NULL),
(3217040006,	3217040,	-6.970352099999999,	107.4499404,	'BATULAYANG',	NULL,	NULL,	NULL),
(3217040007,	3217040,	-6.9834497,	107.4533635,	'CILILIN',	NULL,	NULL,	NULL),
(3217040008,	3217040,	-6.9620579,	107.4647284,	'KARANGTANJUNG',	NULL,	NULL,	NULL),
(3217040010,	3217040,	-6.9820101,	107.4824751,	'KIDANGPANANJUNG',	NULL,	NULL,	NULL),
(3217040018,	3217040,	-6.9385205,	107.4395893,	'BUDIHARJA',	NULL,	NULL,	NULL),
(3217040019,	3217040,	-6.9387339,	107.3996674,	'KARANGANYAR',	NULL,	NULL,	NULL),
(3217050009,	3217050,	-6.9512999,	107.4765594,	'SINGAJAYA',	NULL,	NULL,	NULL),
(3217050011,	3217050,	-6.956006599999999,	107.488391,	'TANJUNGWANGI',	NULL,	NULL,	NULL),
(3217050012,	3217050,	-6.955111899999999,	107.5100434,	'SITUWANGI',	NULL,	NULL,	NULL),
(3217050013,	3217050,	-6.944578399999999,	107.5179721,	'PATARUMAN',	NULL,	NULL,	NULL),
(3217050014,	3217050,	-6.9398734,	107.5061393,	'CIPATIK',	NULL,	NULL,	NULL),
(3217050015,	3217050,	-6.9403209,	107.4943069,	'CITAPEN',	NULL,	NULL,	NULL),
(3217050016,	3217050,	-6.9479393,	107.497265,	'CIHAMPELAS',	NULL,	NULL,	NULL),
(3217050017,	3217050,	-6.929787,	107.4662073,	'MEKARMUKTI',	NULL,	NULL,	NULL),
(3217050020,	3217050,	-6.921037999999999,	107.4248027,	'TANJUNGJAYA',	NULL,	NULL,	NULL),
(3217050021,	3217050,	-6.9163403,	107.4469829,	'MEKARJAYA',	NULL,	NULL,	NULL),
(3217060001,	3217060,	-6.964940599999999,	107.3198424,	'CINTAASIH',	NULL,	NULL,	NULL),
(3217060002,	3217060,	-6.9640523,	107.3434916,	'KARANGSARI',	NULL,	NULL,	NULL),
(3217060003,	3217060,	-6.9606949,	107.3641866,	'NEGLASARI',	NULL,	NULL,	NULL),
(3217060004,	3217060,	-6.9813306,	107.3641866,	'GIRIMUKTI',	NULL,	NULL,	NULL),
(3217060005,	3217060,	-6.9703433,	107.3819264,	'CIJENUK',	NULL,	NULL,	NULL),
(3217060006,	3217060,	-6.9628365,	107.410017,	'CICANGKANG HILIR',	NULL,	NULL,	NULL),
(3217060007,	3217060,	-6.9555469,	107.398189,	'SUKAMULYA',	NULL,	NULL,	NULL),
(3217060008,	3217060,	-6.9494906,	107.3878399,	'CITALEM',	NULL,	NULL,	NULL),
(3217060009,	3217060,	-6.951613399999999,	107.3656648,	'MEKARSARI',	NULL,	NULL,	NULL),
(3217060010,	3217060,	-6.940509400000001,	107.3523607,	'SARINAGEN',	NULL,	NULL,	NULL),
(3217060011,	3217060,	-6.9472168,	107.3109745,	'CIBENDA',	NULL,	NULL,	NULL),
(3217060012,	3217060,	-6.9306392,	107.3405354,	'CIJAMBU',	NULL,	NULL,	NULL),
(3217060013,	3217060,	-6.910679,	107.3227984,	'SIRNAGALIH',	NULL,	NULL,	NULL),
(3217060014,	3217060,	-6.912043499999999,	107.3553171,	'BARANANGSIANG',	NULL,	NULL,	NULL),
(3217070001,	3217070,	-6.929344899999999,	107.5120556,	'SELACAU',	NULL,	NULL,	NULL),
(3217070002,	3217070,	-6.920943400000001,	107.4957859,	'BATUJAJAR BARAT',	NULL,	NULL,	NULL),
(3217070003,	3217070,	-6.913891,	107.5120556,	'BATUJAJAR TIMUR',	NULL,	NULL,	NULL),
(3217070004,	3217070,	-6.8964224,	107.497265,	'GIRIASIH',	NULL,	NULL,	NULL),
(3217070005,	3217070,	-6.909631699999999,	107.488391,	'GALANGGANG',	NULL,	NULL,	NULL),
(3217070006,	3217070,	-6.9006631,	107.4528979,	'PANGAUBAN',	NULL,	NULL,	NULL),
(3217070007,	3217070,	-6.893614899999999,	107.469165,	'CANGKORAH',	NULL,	NULL,	NULL),
(3217071001,	3217071,	-6.8909892,	107.3671431,	'BOJONGHALEUANG',	NULL,	NULL,	NULL),
(3217071002,	3217071,	-6.8740383,	107.4025253,	'CIKANDE',	NULL,	NULL,	NULL),
(3217071003,	3217071,	-6.888287600000001,	107.4177094,	'GIRIMUKTI',	NULL,	NULL,	NULL),
(3217071004,	3217071,	-6.884641299999999,	107.4145378,	'CIPANGERAN',	NULL,	NULL,	NULL),
(3217071005,	3217071,	-6.912846999999999,	107.3587255,	'JATI',	NULL,	NULL,	NULL),
(3217071006,	3217071,	-6.912846999999999,	107.3587255,	'SAGULING',	NULL,	NULL,	NULL),
(3217080001,	3217080,	-6.8327471,	107.352424,	'RAJAMANDALA KULON',	NULL,	NULL,	NULL),
(3217080002,	3217080,	-6.869943999999999,	107.3789697,	'CIPTAHARJA',	NULL,	NULL,	NULL),
(3217080003,	3217080,	NULL,	NULL,	'CIPATAT',	NULL,	NULL,	'LEVEL_4_INSIDE_CONTAIN_LEVEL_234'),
(3217080004,	3217080,	-6.8377357,	107.4144526,	'CITATAH',	NULL,	NULL,	NULL),
(3217080005,	3217080,	-6.8343946,	107.4351532,	'GUNUNGMASIGIT',	NULL,	NULL,	NULL),
(3217080006,	3217080,	-6.8088887,	107.4292386,	'CIRAWAMEKAR',	NULL,	NULL,	NULL),
(3217080007,	3217080,	-6.787879999999999,	107.441068,	'NYALINDUNG',	NULL,	NULL,	NULL),
(3217080008,	3217080,	-6.796575199999999,	107.4144526,	'SUMURBANDUNG',	NULL,	NULL,	NULL),
(3217080009,	3217080,	-6.8081713,	107.3789697,	'KERTAMUKTI',	NULL,	NULL,	NULL),
(3217080010,	3217080,	-6.809476999999999,	107.3434916,	'SARIMUKTI',	NULL,	NULL,	NULL),
(3217080011,	3217080,	-6.8226703,	107.3346229,	'MANDALASARI',	NULL,	NULL,	NULL),
(3217080012,	3217080,	-6.833183999999999,	107.3287106,	'MANDALAWANGI',	NULL,	NULL,	NULL),
(3217090001,	3217090,	-6.8780688,	107.5061393,	'LAKSANAMEKAR',	NULL,	NULL,	NULL),
(3217090002,	3217090,	-6.8787341,	107.488391,	'CIMERANG',	NULL,	NULL,	NULL),
(3217090003,	3217090,	-6.874471199999999,	107.4647284,	'CIPEUNDEUY',	NULL,	NULL,	NULL),
(3217090004,	3217090,	-6.8527768,	107.4943069,	'KERTAJAYA',	NULL,	NULL,	'LEVEL_4_CONTAIN'),
(3217090005,	3217090,	-6.848954,	107.4588131,	'JAYAMEKAR',	NULL,	NULL,	NULL),
(3217090006,	3217090,	NULL,	NULL,	'PADALARANG',	NULL,	NULL,	'LEVEL_4_INSIDE_CONTAIN_LEVEL_234'),
(3217090007,	3217090,	-6.8427061,	107.488391,	'KERTAMULYA',	NULL,	NULL,	NULL),
(3217090008,	3217090,	-6.8281513,	107.4647284,	'CIBURUY',	NULL,	NULL,	NULL),
(3217090009,	3217090,	-6.8069183,	107.4824751,	'TAGOGAPU',	NULL,	NULL,	'LEVEL_4_CONTAIN'),
(3217090010,	3217090,	-6.8026518,	107.4588131,	'CEMPAKAMEKAR',	NULL,	NULL,	NULL),
(3217100001,	3217100,	-6.8665426,	107.5046602,	'CIMAREME',	NULL,	NULL,	NULL),
(3217100002,	3217100,	-6.868672800000001,	107.516493,	'GADOBANGKONG',	NULL,	NULL,	'LEVEL_4_CONTAIN'),
(3217100003,	3217100,	-6.861962699999999,	107.5238888,	'TANIMULYA',	NULL,	NULL,	NULL),
(3217100004,	3217100,	-6.849320899999999,	107.5301922,	'PAKUHAJI',	NULL,	NULL,	NULL),
(3217100005,	3217100,	-6.8467474,	107.5179721,	'CILAME',	NULL,	NULL,	NULL),
(3217100006,	3217100,	-6.8537871,	107.5017021,	'MARGAJAYA',	NULL,	NULL,	NULL),
(3217100007,	3217100,	-6.843275299999999,	107.5076184,	'MEKARSARI',	NULL,	NULL,	NULL),
(3217100008,	3217100,	-6.861246299999999,	107.5147438,	'NGAMPRAH',	NULL,	NULL,	NULL),
(3217100009,	3217100,	-6.832196,	107.4943069,	'SUKATANI',	NULL,	NULL,	NULL),
(3217100010,	3217100,	-6.8163252,	107.5061393,	'CIMANGGU',	NULL,	NULL,	NULL),
(3217100011,	3217100,	-6.822127999999999,	107.488391,	'BOJONGKONENG',	NULL,	NULL,	NULL),
(3217110001,	3217110,	-6.8545984,	107.5830623,	'CIWARUGA',	NULL,	NULL,	NULL),
(3217110002,	3217110,	-6.8143581,	107.593419,	'CIHIDEUNG',	NULL,	NULL,	NULL),
(3217110003,	3217110,	-6.823520599999999,	107.5889804,	'CIGUGUR GIRANG',	NULL,	NULL,	NULL),
(3217110004,	3217110,	-6.861529099999999,	107.5697471,	'SARIWANGI',	NULL,	NULL,	NULL),
(3217110005,	3217110,	-6.8486681,	107.5697471,	'CIHANJUANG',	NULL,	NULL,	NULL),
(3217110006,	3217110,	-6.8175916,	107.5756649,	'CIHANJUANG RAHAYU',	NULL,	NULL,	NULL),
(3217110007,	3217110,	-6.7591776,	107.5919395,	'KARYAWANGI',	NULL,	NULL,	NULL),
(3217120001,	3217120,	-6.8331388,	107.6067354,	'GUDANGKAHURIPAN',	NULL,	NULL,	NULL),
(3217120002,	3217120,	-6.8432007,	107.612654,	'WANGUNSARI',	NULL,	NULL,	NULL),
(3217120003,	3217120,	-6.837614200000001,	107.6244915,	'PAGERWANGI',	NULL,	NULL,	NULL),
(3217120004,	3217120,	-6.842088299999999,	107.6422488,	'MEKARWANGI',	NULL,	NULL,	NULL),
(3217120005,	3217120,	-6.8297683,	107.6448892,	'LANGENSARI',	NULL,	NULL,	NULL),
(3217120006,	3217120,	-6.818059000000001,	107.6318903,	'KAYUAMBON',	NULL,	NULL,	NULL),
(3217120007,	3217120,	-6.8162073,	107.6227961,	'LEMBANG',	NULL,	NULL,	NULL),
(3217120008,	3217120,	-6.7917983,	107.612654,	'CIKAHURIPAN',	NULL,	NULL,	NULL),
(3217120009,	3217120,	-6.7973781,	107.6008169,	'SUKAJAYA',	NULL,	NULL,	NULL),
(3217120010,	3217120,	-6.791356899999999,	107.6244915,	'JAYAGIRI',	NULL,	NULL,	NULL),
(3217120011,	3217120,	-6.8063294,	107.6363296,	'CIBOGO',	NULL,	NULL,	NULL),
(3217120012,	3217120,	-6.788236,	107.6392892,	'CIKOLE',	NULL,	NULL,	NULL),
(3217120013,	3217120,	-6.789809399999999,	107.665927,	'CIKIDANG',	NULL,	NULL,	NULL),
(3217120014,	3217120,	-6.8101373,	107.6718469,	'WANGUNHARJA',	NULL,	NULL,	NULL),
(3217120015,	3217120,	-6.8253311,	107.6777669,	'CIBODAS',	NULL,	NULL,	NULL),
(3217120016,	3217120,	-6.8163984,	107.7103291,	'SUNTENJAYA',	NULL,	NULL,	NULL),
(3217130001,	3217130,	-6.825950499999999,	107.5238888,	'PASIRHALANG',	NULL,	NULL,	NULL),
(3217130002,	3217130,	-6.8248471,	107.5534739,	'JAMBUDIPA',	NULL,	NULL,	NULL),
(3217130003,	3217130,	-6.840054599999999,	107.5593913,	'PADAASIH',	NULL,	NULL,	NULL),
(3217130004,	3217130,	-6.798480499999999,	107.5712266,	'KERTAWANGI',	NULL,	NULL,	NULL),
(3217130005,	3217130,	-6.788641699999999,	107.5593913,	'TUGUMUKTI',	NULL,	NULL,	NULL),
(3217130006,	3217130,	-6.7917608,	107.544598,	'PASIRLANGU',	NULL,	NULL,	NULL),
(3217130007,	3217130,	-6.782358899999999,	107.5209304,	'CIPADA',	NULL,	NULL,	NULL),
(3217130008,	3217130,	-6.785914,	107.4943069,	'SADANGMEKAR',	NULL,	NULL,	NULL),
(3217140001,	3217140,	-6.755875199999999,	107.4026244,	'KANANGASARI',	NULL,	NULL,	NULL),
(3217140002,	3217140,	-6.764854,	107.4381106,	'MANDALASARI',	NULL,	NULL,	NULL),
(3217140003,	3217140,	-6.776507,	107.4706438,	'MEKARJAYA',	NULL,	NULL,	NULL),
(3217140004,	3217140,	-6.7651371,	107.500223,	'CIPADA',	NULL,	NULL,	NULL),
(3217140005,	3217140,	-6.742560900000001,	107.485433,	'GANJARSARI',	NULL,	NULL,	NULL),
(3217140006,	3217140,	-6.751462399999999,	107.4528979,	'MANDALAMUKTI',	NULL,	NULL,	NULL),
(3217140007,	3217140,	-6.7364814,	107.441068,	'CIPTAGUMATI',	NULL,	NULL,	NULL),
(3217140008,	3217140,	-6.726854899999999,	107.4233241,	'CIKALONG',	NULL,	NULL,	NULL),
(3217140009,	3217140,	-6.7353175,	107.4026244,	'RENDE',	NULL,	NULL,	NULL),
(3217140010,	3217140,	-6.7049235,	107.3907968,	'PUTERAN',	NULL,	NULL,	NULL),
(3217140011,	3217140,	-6.7040638,	107.4144526,	'TENJOLAUT',	NULL,	NULL,	NULL),
(3217140012,	3217140,	-6.725774299999999,	107.4528979,	'CISOMANG BARAT',	NULL,	NULL,	NULL),
(3217140013,	3217140,	-6.7251251,	107.4706438,	'WANGUNJAYA',	NULL,	NULL,	NULL),
(3217150001,	3217150,	-6.7799049,	107.3080186,	'MARGALUYU',	NULL,	NULL,	NULL),
(3217150002,	3217150,	-6.783535000000001,	107.3494043,	'NANGGELENG',	NULL,	NULL,	NULL),
(3217150003,	3217150,	-6.787159399999999,	107.3907968,	'SIRNARAJA',	NULL,	NULL,	NULL),
(3217150004,	3217150,	-6.7491378,	107.376013,	'JATIMEKAR',	NULL,	NULL,	NULL),
(3217150005,	3217150,	-6.7549264,	107.3582735,	'BOJONGMEKAR',	NULL,	NULL,	NULL),
(3217150006,	3217150,	-6.7450757,	107.346448,	'NYENANG',	NULL,	NULL,	NULL),
(3217150007,	3217150,	-6.7299868,	107.359399,	'CIPEUNDEUY',	NULL,	NULL,	NULL),
(3217150008,	3217150,	-6.7298703,	107.3405354,	'MARGALAKSANA',	NULL,	NULL,	NULL),
(3217150009,	3217150,	-6.7290103,	107.3641866,	'SUKAHAJI',	NULL,	NULL,	NULL),
(3217150010,	3217150,	-6.7232262,	107.3819264,	'CIHARASHAS',	NULL,	NULL,	NULL),
(3217150011,	3217150,	-6.7133806,	107.3700997,	'SIRNAGALIH',	NULL,	NULL,	NULL),
(3217150012,	3217150,	-6.7088867,	107.3523607,	'CIROYOM',	NULL,	NULL,	NULL),
(3273010001,	3273010,	-6.931697199999999,	107.5519946,	'GEMPOL SARI',	NULL,	NULL,	NULL),
(3273010002,	3273010,	-6.9365118,	107.5608707,	'CIGONDEWAH KALER',	NULL,	NULL,	NULL),
(3273010003,	3273010,	-6.9416633,	107.5608707,	'CIGONDEWAH KIDUL',	NULL,	NULL,	NULL),
(3273010004,	3273010,	-6.9467029,	107.5638295,	'CIGONDEWAH RAHAYU',	NULL,	NULL,	NULL),
(3273010005,	3273010,	-6.930296100000001,	107.5719663,	'CARINGIN',	NULL,	NULL,	NULL),
(3273010006,	3273010,	-6.9203874,	107.5786238,	'WARUNG MUNCANG',	NULL,	NULL,	NULL),
(3273010007,	3273010,	-6.9206116,	107.572706,	'CIBUNTU',	NULL,	NULL,	NULL),
(3273010008,	3273010,	-6.9208358,	107.5667883,	'CIJERAH',	NULL,	NULL,	'LEVEL_4_CONTAIN'),
(3273020001,	3273020,	-6.953981,	107.5756649,	'MARGASUKA',	NULL,	NULL,	NULL),
(3273020002,	3273020,	-6.958048799999999,	107.5847246,	'CIRANGRANG',	NULL,	NULL,	NULL),
(3273020003,	3273020,	-6.9488289,	107.5756649,	'MARGAHAYU UTARA',	NULL,	NULL,	NULL),
(3273020004,	3273020,	-6.940989,	107.5786238,	'BABAKAN CIPARAY',	NULL,	NULL,	NULL),
(3273020005,	3273020,	-6.9333749,	107.5756649,	'BABAKAN',	NULL,	NULL,	NULL),
(3273020006,	3273020,	-6.927271999999999,	107.5838021,	'SUKAHAJI',	NULL,	NULL,	NULL),
(3273030001,	3273030,	-6.9406515,	107.5875009,	'KOPO',	NULL,	NULL,	NULL),
(3273030002,	3273030,	-6.9329255,	107.5875009,	'SUKA ASIH',	NULL,	NULL,	NULL),
(3273030003,	3273030,	-6.9320288,	107.5941588,	'BABAKAN ASIH',	NULL,	NULL,	NULL),
(3273030004,	3273030,	-6.9269351,	107.5926792,	'BABAKAN TAROGONG',	NULL,	NULL,	NULL),
(3273030005,	3273030,	-6.9218978,	107.5897202,	'JAMIKA',	NULL,	NULL,	NULL),
(3273040001,	3273040,	-6.958569799999999,	107.5904599,	'CIBADUYUT KIDUL',	NULL,	NULL,	NULL),
(3273040002,	3273040,	-6.9583441,	107.5963782,	'CIBADUYUT WETAN',	NULL,	NULL,	NULL),
(3273040003,	3273040,	-6.9529665,	107.6022965,	'MEKAR WANGI',	NULL,	NULL,	NULL),
(3273040004,	3273040,	-6.9533048,	107.593419,	'CIBADUYUT',	NULL,	NULL,	NULL),
(3273040005,	3273040,	-6.9479278,	107.5993373,	'KEBON LEGA',	NULL,	NULL,	NULL),
(3273040006,	3273040,	-6.9403139,	107.5963782,	'SITUSAEUR',	NULL,	NULL,	NULL),
(3273050001,	3273050,	-6.948261599999999,	107.6074752,	'KARASAK',	NULL,	NULL,	NULL),
(3273050002,	3273050,	-6.9400887,	107.6022965,	'PELINDUNG HEWAN',	NULL,	NULL,	NULL),
(3273050003,	3273050,	-6.9304602,	107.6015567,	'NYENGSERET',	NULL,	NULL,	NULL),
(3273050004,	3273050,	-6.9292852,	107.5985975,	'PANJUNAN',	NULL,	NULL,	NULL),
(3273050005,	3273050,	-6.9222889,	107.5963782,	'CIBADAK',	NULL,	NULL,	NULL),
(3273050006,	3273050,	-6.9246389,	107.6022965,	'KARANG ANYAR',	NULL,	NULL,	NULL),
(3273060001,	3273060,	-6.9485646,	107.6124464,	'CISEUREUH',	NULL,	NULL,	NULL),
(3273060002,	3273060,	-6.949713699999999,	107.6200524,	'PASIRLUYU',	NULL,	NULL,	NULL),
(3273060003,	3273060,	-6.9446758,	107.617093,	'ANCOL',	NULL,	NULL,	NULL),
(3273060004,	3273060,	-6.9397508,	107.6111743,	'CIGERELENG',	NULL,	NULL,	NULL),
(3273060005,	3273060,	-6.9347132,	107.608215,	'CIATEUL',	NULL,	NULL,	NULL),
(3273060006,	3273060,	-6.929675899999999,	107.6052558,	'PUNGKUR',	NULL,	NULL,	NULL),
(3273060007,	3273060,	-6.9250858,	107.6074752,	'BALONG GEDE',	NULL,	NULL,	NULL),
(3273070001,	3273070,	-6.9443373,	107.6259713,	'CIJAGRA',	NULL,	NULL,	NULL),
(3273070002,	3273070,	-6.939074400000001,	107.6289307,	'TURANGGA',	NULL,	NULL,	NULL),
(3273070003,	3273070,	-6.930006499999999,	107.6304105,	'LINGKAR SELATAN',	NULL,	NULL,	NULL),
(3273070004,	3273070,	-6.9258108,	107.6222719,	'MALABAR',	NULL,	NULL,	NULL),
(3273070005,	3273070,	-6.9298414,	107.6178328,	'BURANGRANG',	NULL,	NULL,	NULL),
(3273070006,	3273070,	-6.927491799999999,	107.6119141,	'CIKAWAO',	NULL,	NULL,	NULL),
(3273070007,	3273070,	-6.9241892,	107.6141336,	'PALEDANG',	NULL,	NULL,	NULL),
(3273080001,	3273080,	-6.9575536,	107.617093,	'WATES',	NULL,	NULL,	NULL),
(3273080002,	3273080,	-6.9596247,	107.630306,	'MENGGER',	NULL,	NULL,	NULL),
(3273080003,	3273080,	-6.951837299999999,	107.6318903,	'BATUNUNGGAL',	NULL,	NULL,	NULL),
(3273080004,	3273080,	-6.9616869,	107.6437287,	'KUJANGSARI',	NULL,	NULL,	NULL),
(3273090001,	3273090,	-6.9587716,	107.6526078,	'CIJAURA',	NULL,	NULL,	NULL),
(3273090002,	3273090,	-6.9559697,	107.6585274,	'MARGASARI',	NULL,	NULL,	NULL),
(3273090003,	3273090,	-6.9457827,	107.6555676,	'SEKEJATI',	NULL,	NULL,	NULL),
(3273090004,	3273090,	-6.9352581,	107.6614872,	'JATI SARI',	NULL,	NULL,	NULL),
(3273100001,	3273100,	-6.960213,	107.682207,	'DERWATI',	NULL,	NULL,	NULL),
(3273100002,	3273100,	-6.9437133,	107.6762506,	'CIPAMOKOLAN',	NULL,	NULL,	NULL),
(3273100005,	3273100,	-6.9492489,	107.665927,	'MANJAHLEGA',	NULL,	NULL,	NULL),
(3273100006,	3273100,	-6.963355699999999,	107.667407,	'MEKARJAYA',	NULL,	NULL,	NULL),
(3273101001,	3273101,	-6.9586416,	107.6896073,	'RANCABOLANG',	NULL,	NULL,	NULL),
(3273101002,	3273101,	-6.959190599999999,	107.708849,	'RANCANUMPANG',	NULL,	NULL,	NULL),
(3273101003,	3273101,	-6.9481158,	107.6955277,	'CISARANTEN KIDUL',	NULL,	NULL,	NULL),
(3273101004,	3273101,	-6.946545,	107.7029283,	'CIMINCRANG',	NULL,	NULL,	NULL),
(3273110003,	3273110,	-6.9225885,	107.7236512,	'PASIR BIRU',	NULL,	NULL,	NULL),
(3273110004,	3273110,	-6.925388099999999,	107.7177302,	'CIPADUNG',	NULL,	NULL,	NULL),
(3273110005,	3273110,	-6.921625199999999,	107.7140284,	'PALASARI',	NULL,	NULL,	'LEVEL_4_CONTAIN'),
(3273110006,	3273110,	-6.9044666,	107.7266117,	'CISURUPAN',	NULL,	NULL,	NULL),
(3273111001,	3273111,	-6.9324445,	107.7014482,	'MEKAR MULYA',	NULL,	NULL,	NULL),
(3273111002,	3273111,	-6.941056400000001,	107.7118093,	'CIPADUNG KIDUL',	NULL,	NULL,	NULL),
(3273111003,	3273111,	-6.9308746,	107.708849,	'CIPADUNG WETAN',	NULL,	NULL,	NULL),
(3273111004,	3273111,	-6.9221229,	107.7031272,	'CIPADUNG KULON',	NULL,	NULL,	NULL),
(3273120003,	3273120,	-6.910063300000001,	107.7147697,	'PASANGGRAHAN',	NULL,	NULL,	NULL),
(3273120004,	3273120,	-6.9024586,	107.7118093,	'PASIRJATI',	NULL,	NULL,	NULL),
(3273120005,	3273120,	-6.9001117,	107.7058886,	'PASIR WANGI',	NULL,	NULL,	NULL),
(3273120006,	3273120,	-6.9107406,	107.6970078,	'CIGENDING',	NULL,	NULL,	NULL),
(3273120007,	3273120,	-6.9032477,	107.6910874,	'PASIR ENDAH',	NULL,	NULL,	NULL),
(3273121001,	3273121,	-6.9239456,	107.6881272,	'CISARANTEN WETAN',	NULL,	NULL,	NULL),
(3273121002,	3273121,	-6.9367015,	107.6910874,	'BABAKAN PENGHULU',	NULL,	NULL,	NULL),
(3273121003,	3273121,	-6.9211461,	107.6940475,	'PAKEMITAN',	NULL,	NULL,	NULL),
(3273121004,	3273121,	-6.916388800000001,	107.7007081,	'SUKAMULYA',	NULL,	NULL,	NULL),
(3273130001,	3273130,	-6.9267452,	107.682207,	'CISARANTEN KULON',	NULL,	NULL,	NULL),
(3273130002,	3273130,	-6.9111918,	107.6851671,	'CISARANTEN BINA HARAPAN',	NULL,	NULL,	NULL),
(3273130003,	3273130,	-6.9181325,	107.6718469,	'SUKAMISKIN',	NULL,	NULL,	NULL),
(3273130005,	3273130,	-6.929658,	107.6733269,	'CISARANTEN ENDAH',	NULL,	NULL,	NULL),
(3273141001,	3273141,	-6.9225004,	107.6585274,	'ANTAPANI KIDUL',	NULL,	NULL,	NULL),
(3273141002,	3273141,	-6.9166249,	107.6607473,	'ANTAPANI TENGAH',	NULL,	NULL,	NULL),
(3273141003,	3273141,	-6.9094072,	107.6644471,	'ANTAPANI WETAN',	NULL,	NULL,	NULL),
(3273141004,	3273141,	-6.9103601,	107.6563075,	'ANTAPANI KULON',	NULL,	NULL,	NULL),
(3273142001,	3273142,	-6.8965422,	107.6644471,	'JATIHANDAP',	NULL,	NULL,	NULL),
(3273142002,	3273142,	-6.897547599999999,	107.6718469,	'KARANG PAMULANG',	NULL,	NULL,	NULL),
(3273142003,	3273142,	-6.903473,	107.6851671,	'SINDANG JAYA',	NULL,	NULL,	NULL),
(3273142004,	3273142,	-6.8985527,	107.6792469,	'PASIR IMPUN',	NULL,	NULL,	NULL),
(3273150001,	3273150,	-6.9378383,	107.6444686,	'KEBON KANGKUNG',	NULL,	NULL,	NULL),
(3273150002,	3273150,	-6.935596899999999,	107.6526078,	'SUKAPURA',	NULL,	NULL,	NULL),
(3273150003,	3273150,	-6.9274277,	107.6474283,	'KEBUN JAYANTI',	NULL,	NULL,	NULL),
(3273150004,	3273150,	-6.922838500000001,	107.6496481,	'BABAKAN SARI',	NULL,	NULL,	'LEVEL_4_CONTAIN'),
(3273150005,	3273150,	-6.9152295,	107.6466883,	'BABAKAN SURABAYA',	NULL,	NULL,	NULL),
(3273150006,	3273150,	-6.910569499999999,	107.6497351,	'CICAHEUM',	NULL,	NULL,	NULL),
(3273160001,	3273160,	-6.938120499999999,	107.6370695,	'GUMURUH',	NULL,	NULL,	NULL),
(3273160002,	3273160,	-6.9379512,	107.6415089,	'BINONG',	NULL,	NULL,	NULL),
(3273160003,	3273160,	-6.926309700000001,	107.6429888,	'KEBON GEDANG',	NULL,	NULL,	NULL),
(3273160004,	3273160,	-6.9264224,	107.6400291,	'MALEER',	NULL,	NULL,	NULL),
(3273160005,	3273160,	-6.924330599999999,	107.6327804,	'CIBANGKONG',	NULL,	NULL,	NULL),
(3273160006,	3273160,	-6.9217805,	107.6267111,	'SAMOJA',	NULL,	NULL,	NULL),
(3273160007,	3273160,	-6.9182535,	107.6348498,	'KACAPIRING',	NULL,	NULL,	NULL),
(3273160008,	3273160,	-6.915454599999999,	107.640769,	'KEBON WARU',	NULL,	NULL,	NULL),
(3273170001,	3273170,	-6.9192652,	107.608215,	'BRAGA',	NULL,	NULL,	NULL),
(3273170002,	3273170,	-6.9189281,	107.617093,	'KEBON PISANG',	NULL,	NULL,	NULL),
(3273170003,	3273170,	-6.9136675,	107.6200524,	'MERDEKA',	NULL,	NULL,	NULL),
(3273170004,	3273170,	-6.911542499999999,	107.608215,	'BABAKAN CIAMIS',	NULL,	NULL,	NULL),
(3273180001,	3273180,	-6.9028138,	107.5667883,	'CAMPAKA',	NULL,	NULL,	NULL),
(3273180002,	3273180,	-6.9096974,	107.5719663,	'MALEBER',	NULL,	NULL,	NULL),
(3273180003,	3273180,	-6.9095295,	107.5764046,	'GARUDA',	NULL,	NULL,	NULL),
(3273180004,	3273180,	-6.914510399999999,	107.5808431,	'DUNGUS CARIANG',	NULL,	NULL,	NULL),
(3273180005,	3273180,	-6.914942900000001,	107.5890217,	'CIROYOM',	NULL,	NULL,	NULL),
(3273180006,	3273180,	-6.917027600000001,	107.5993373,	'KEBON JERUK',	NULL,	NULL,	'LEVEL_4_CONTAIN'),
(3273190001,	3273190,	-6.909529099999999,	107.593419,	'ARJUNA',	NULL,	NULL,	NULL),
(3273190002,	3273190,	-6.906618900000001,	107.6022965,	'PASIRKALIKI',	NULL,	NULL,	NULL),
(3273190003,	3273190,	-6.9018071,	107.593419,	'PAMOYANAN',	NULL,	NULL,	NULL),
(3273190004,	3273190,	-6.899457099999999,	107.5875009,	'PAJAJARAN',	NULL,	NULL,	NULL),
(3273190005,	3273190,	-6.9011355,	107.5771444,	'HUSEN SASTRANEGARA',	NULL,	NULL,	NULL),
(3273190006,	3273190,	-6.8900557,	107.5638295,	'SUKARAJA',	NULL,	NULL,	NULL),
(3273200001,	3273200,	-6.9012472,	107.608215,	'TAMAN SARI',	NULL,	NULL,	NULL),
(3273200002,	3273200,	-6.9034846,	107.617093,	'CITARUM',	NULL,	NULL,	NULL),
(3273200003,	3273200,	-6.9082952,	107.6259713,	'CIHAPIT',	NULL,	NULL,	NULL),
(3273210001,	3273210,	-6.910532,	107.6348498,	'SUKAMAJU',	NULL,	NULL,	NULL),
(3273210002,	3273210,	-6.9059439,	107.6370695,	'CICADAS',	NULL,	NULL,	NULL),
(3273210003,	3273210,	-6.9015937,	107.6394332,	'CIKUTRA',	NULL,	NULL,	NULL),
(3273210004,	3273210,	-6.9042641,	107.6474283,	'PADASUKA',	NULL,	NULL,	NULL),
(3273210005,	3273210,	-6.896991499999999,	107.6526078,	'PASIRLAYUNG',	NULL,	NULL,	NULL),
(3273210006,	3273210,	-6.897215999999999,	107.6466883,	'SUKAPADA',	NULL,	NULL,	NULL),
(3273220001,	3273220,	-6.9011339,	107.6281909,	'CIHAURGEULIS',	NULL,	NULL,	NULL),
(3273220002,	3273220,	-6.895203899999999,	107.6318903,	'SUKALUYU',	NULL,	NULL,	NULL),
(3273220003,	3273220,	-6.894979699999999,	107.6378094,	'NEGLASARI',	NULL,	NULL,	NULL),
(3273220004,	3273220,	-6.883367,	107.6266329,	'CIGADUNG',	NULL,	NULL,	NULL),
(3273230001,	3273230,	-6.8904501,	107.6045159,	'CIPAGANTI',	NULL,	NULL,	NULL),
(3273230002,	3273230,	-6.890841699999999,	107.6111743,	'LEBAK SILIWANGI',	NULL,	NULL,	NULL),
(3273230003,	3273230,	-6.893191,	107.617093,	'LEBAK GEDE',	NULL,	NULL,	NULL),
(3273230004,	3273230,	-6.8955402,	107.6230118,	'SADANG SERANG',	NULL,	NULL,	NULL),
(3273230005,	3273230,	-6.885359999999999,	107.6200524,	'SEKELOA',	NULL,	NULL,	NULL),
(3273230006,	3273230,	-6.877257699999999,	107.6174119,	'DAGO',	NULL,	NULL,	NULL),
(3273240001,	3273240,	-6.8869243,	107.5786238,	'SUKAWARNA',	NULL,	NULL,	NULL),
(3273240002,	3273240,	-6.8865894,	107.5875009,	'SUKAGALIH',	NULL,	NULL,	NULL),
(3273240003,	3273240,	-6.8940861,	107.593419,	'SUKABUNGAH',	NULL,	NULL,	NULL),
(3273240004,	3273240,	-6.8863661,	107.593419,	'CIPEDES',	NULL,	NULL,	NULL),
(3273240005,	3273240,	-6.8912891,	107.5993373,	'PASTEUR',	NULL,	NULL,	NULL),
(3273250001,	3273250,	-6.876631499999999,	107.5786238,	'SARIJADI',	NULL,	NULL,	NULL),
(3273250002,	3273250,	-6.873835799999999,	107.5845418,	'SUKARASA',	NULL,	NULL,	NULL),
(3273250003,	3273250,	-6.8660066,	107.5875009,	'GEGERKALONG',	NULL,	NULL,	NULL),
(3273250004,	3273250,	-6.852923499999999,	107.593419,	'ISOLA',	NULL,	NULL,	NULL),
(3273260001,	3273260,	-6.873278399999999,	107.5993373,	'HEGARMANAH',	NULL,	NULL,	NULL),
(3273260002,	3273260,	-6.8586297,	107.612654,	'CIUMBULEUIT',	NULL,	NULL,	NULL),
(3273260003,	3273260,	-6.8527011,	107.5993373,	'LEDENG',	NULL,	NULL,	NULL),
(3302010001,	3302010,	-7.456894600000001,	108.9205099,	'CINGEBUL',	NULL,	NULL,	NULL),
(3302010002,	3302010,	-7.458293200000001,	108.9472518,	'KEDUNGGEDE',	NULL,	NULL,	NULL),
(3302010003,	3302010,	-7.495537,	108.9799387,	'CIDORA',	NULL,	NULL,	NULL),
(3302010004,	3302010,	-7.515650399999999,	108.9918254,	'BESUKI',	NULL,	NULL,	NULL),
(3302010005,	3302010,	-7.5118756,	109.0185719,	'PARUNGKAMAL',	NULL,	NULL,	NULL),
(3302010006,	3302010,	-7.472787899999998,	109.0274877,	'CIRAHAB',	NULL,	NULL,	NULL),
(3302010007,	3302010,	-7.486078900000001,	109.0185719,	'CANDUK',	NULL,	NULL,	NULL),
(3302010008,	3302010,	-7.4768195,	108.9947972,	'KARANGGAYAM',	NULL,	NULL,	NULL),
(3302010009,	3302010,	-7.439587500000001,	108.9621091,	'LUMBIR',	NULL,	NULL,	NULL),
(3302010010,	3302010,	-7.414072999999998,	108.9561661,	'DERMAJI',	NULL,	NULL,	NULL),
(3302020001,	3302020,	-7.5347018,	109.0274877,	'RANDEGAN',	NULL,	NULL,	NULL),
(3302020002,	3302020,	-7.5466731,	109.0482922,	'RAWAHENG',	NULL,	NULL,	NULL),
(3302020003,	3302020,	-7.5532125,	109.0750422,	'PANGADEGAN',	NULL,	NULL,	NULL),
(3302020004,	3302020,	-7.5198007,	109.0720699,	'KLAPAGADING',	NULL,	NULL,	NULL),
(3302020005,	3302020,	-7.529431,	109.0586947,	'KLAPAGADING KULON',	NULL,	NULL,	NULL),
(3302020006,	3302020,	-7.5159726,	109.0423479,	'WANGON',	NULL,	NULL,	NULL),
(3302020007,	3302020,	-7.504589900000001,	109.0661253,	'BANTERAN',	NULL,	NULL,	NULL),
(3302020008,	3302020,	-7.4940079,	109.0720699,	'JAMBU',	NULL,	NULL,	NULL),
(3302020009,	3302020,	-7.5004943,	109.0423479,	'JURANGBAHAS',	NULL,	NULL,	NULL),
(3302020010,	3302020,	-7.4717299,	109.0512643,	'CIKAKAK',	NULL,	NULL,	NULL),
(3302020011,	3302020,	-7.4693155,	109.0765283,	'WLAHAR',	NULL,	NULL,	NULL),
(3302020012,	3302020,	-7.4633346,	109.0661253,	'WINDUNEGARA',	NULL,	NULL,	NULL),
(3302030001,	3302030,	-7.565179499999999,	109.0958489,	'GUNUNG WETAN',	NULL,	NULL,	NULL),
(3302030002,	3302030,	-7.5643733,	109.113684,	'PEKUNCEN',	NULL,	NULL,	NULL),
(3302030003,	3302030,	-7.5632972,	109.1374653,	'KARANGLEWAS',	NULL,	NULL,	NULL),
(3302030004,	3302030,	-7.542387,	109.1434108,	'KARANGANYAR',	NULL,	NULL,	NULL),
(3302030005,	3302030,	-7.532337,	109.1374653,	'MARGASANA',	NULL,	NULL,	NULL),
(3302030006,	3302030,	-7.5444152,	109.1270608,	'ADISARA',	NULL,	NULL,	NULL),
(3302030007,	3302030,	-7.548889300000001,	109.113684,	'KEDUNGWRINGIN',	NULL,	NULL,	NULL),
(3302030008,	3302030,	-7.549693800000001,	109.0958489,	'BANTAR',	NULL,	NULL,	NULL),
(3302030009,	3302030,	-7.532032899999999,	109.0869316,	'TINGGARJAYA',	NULL,	NULL,	NULL),
(3302030010,	3302030,	-7.5103285,	109.1107114,	'TUNJUNG',	NULL,	NULL,	NULL),
(3302030011,	3302030,	-7.523911999999999,	109.1240882,	'GENTAWANGI',	NULL,	NULL,	NULL),
(3302040001,	3302040,	-7.5700959,	109.158275,	'LOSARI',	NULL,	NULL,	NULL),
(3302040002,	3302040,	-7.5432066,	109.1538157,	'MENGANTI',	NULL,	NULL,	NULL),
(3302040003,	3302040,	-7.536422200000001,	109.1612478,	'BANJARPARAKAN',	NULL,	NULL,	NULL),
(3302040004,	3302040,	-7.5358847,	109.1731396,	'RAWALO',	NULL,	NULL,	NULL),
(3302040005,	3302040,	-7.516894600000001,	109.1939509,	'TAMBAKNEGARA',	NULL,	NULL,	NULL),
(3302040006,	3302040,	-7.5100991,	109.1731396,	'SIDAMULIH',	NULL,	NULL,	NULL),
(3302040007,	3302040,	-7.5209485,	109.1612478,	'PESAWAHAN',	NULL,	NULL,	NULL),
(3302040008,	3302040,	-7.4978784,	109.158275,	'TIPAR',	NULL,	NULL,	NULL),
(3302040009,	3302040,	-7.506547999999999,	109.1374653,	'SANGGREMAN',	NULL,	NULL,	NULL),
(3302050001,	3302050,	-7.583418,	109.2623377,	'ADISANA',	NULL,	NULL,	NULL),
(3302050002,	3302050,	-7.573371300000001,	109.2563906,	'BANGSA',	NULL,	NULL,	NULL),
(3302050003,	3302050,	-7.568754899999999,	109.2444967,	'KARANGSARI',	NULL,	NULL,	NULL),
(3302050004,	3302050,	-7.569296899999999,	109.2326031,	'RANDEGAN',	NULL,	NULL,	NULL),
(3302050005,	3302050,	-7.5577574,	109.2311164,	'KALIWEDI',	NULL,	NULL,	NULL),
(3302050006,	3302050,	-7.5546319,	109.2147632,	'SAWANGAN',	NULL,	NULL,	NULL),
(3302050007,	3302050,	-7.538618899999999,	109.2266564,	'KALISALAK',	NULL,	NULL,	NULL),
(3302050008,	3302050,	-7.5456634,	109.1850317,	'CINDAGA',	NULL,	NULL,	NULL),
(3302050009,	3302050,	NULL,	NULL,	'KEBASEN',	NULL,	NULL,	'LEVEL_4_INSIDE_CONTAIN_LEVEL_234'),
(3302050010,	3302050,	-7.523957100000001,	109.2088168,	'GAMBARSARI',	NULL,	NULL,	'LEVEL_4_CONTAIN'),
(3302050011,	3302050,	-7.513108099999999,	109.2207098,	'TUMIYANG',	NULL,	NULL,	NULL),
(3302050012,	3302050,	-7.5025303,	109.2266564,	'MANDIRANCAN',	NULL,	NULL,	NULL),
(3302060001,	3302060,	-7.614109200000001,	109.2682849,	'GRUJUGAN',	NULL,	NULL,	NULL),
(3302060002,	3302060,	-7.613289699999999,	109.2861268,	'SIRAU',	NULL,	NULL,	NULL),
(3302060003,	3302060,	-7.622791599999998,	109.3039694,	'SIBALUNG',	NULL,	NULL,	NULL),
(3302060004,	3302060,	-7.612733100000001,	109.3262735,	'SIBRAMA',	NULL,	NULL,	NULL),
(3302060005,	3302060,	-7.600782,	109.3337085,	'KEDUNGPRING',	NULL,	NULL,	NULL),
(3302060006,	3302060,	-7.6067621,	109.3158648,	'KECILA',	NULL,	NULL,	NULL),
(3302060007,	3302060,	-7.616271599999998,	109.3054563,	'NUSAMANGIR',	NULL,	NULL,	NULL),
(3302060008,	3302060,	-7.600927299999999,	109.3024824,	'KARANGJATI',	NULL,	NULL,	NULL),
(3302060009,	3302060,	-7.597808,	109.2861268,	'KEBARONGAN',	NULL,	NULL,	NULL),
(3302060010,	3302060,	-7.5945512,	109.2727453,	'SIDAMULYA',	NULL,	NULL,	NULL),
(3302060011,	3302060,	-7.5744561,	109.2891005,	'PAGERALANG',	NULL,	NULL,	NULL),
(3302060012,	3302060,	-7.581240299999999,	109.309917,	'ALASMALANG',	NULL,	NULL,	NULL),
(3302060013,	3302060,	-7.5804223,	109.3277605,	'PETARANGAN',	NULL,	NULL,	NULL),
(3302060014,	3302060,	-7.564134500000001,	109.3456047,	'KARANGGINTUNG',	NULL,	NULL,	NULL),
(3302060015,	3302060,	-7.5600676,	109.3218126,	'KARANGSALAM',	NULL,	NULL,	NULL),
(3302070001,	3302070,	-7.615986400000001,	109.3396565,	'PANDAK',	NULL,	NULL,	NULL),
(3302070002,	3302070,	-7.6260325,	109.3456047,	'KUNTILI',	NULL,	NULL,	NULL),
(3302070003,	3302070,	-7.629422000000001,	109.356014,	'KEMIRI',	NULL,	NULL,	NULL),
(3302070004,	3302070,	-7.639468600000001,	109.3619624,	'KARANGGEDANG',	NULL,	NULL,	NULL),
(3302070005,	3302070,	-7.651682899999999,	109.3768335,	'NUSADADI',	NULL,	NULL,	NULL),
(3302070006,	3302070,	-7.6288719,	109.3679108,	'SELANDAKA',	NULL,	NULL,	NULL),
(3302070007,	3302070,	-7.620857099999999,	109.3738592,	'SUMPIUH',	NULL,	NULL,	'LEVEL_4_CONTAIN'),
(3302070008,	3302070,	-7.6105391,	109.3738592,	'KRADENAN',	NULL,	NULL,	NULL),
(3302070009,	3302070,	-7.593981199999999,	109.3693979,	'SELANEGARA',	NULL,	NULL,	NULL),
(3302070010,	3302070,	-7.60892,	109.3530399,	'KEBOKURA',	NULL,	NULL,	NULL),
(3302070011,	3302070,	-7.600234599999999,	109.3456047,	'LEBENG',	NULL,	NULL,	NULL),
(3302070012,	3302070,	-7.584487399999999,	109.3515529,	'KETANDA',	NULL,	NULL,	NULL),
(3302070013,	3302070,	-7.560329899999998,	109.3723721,	'BANJARPANEPEN',	NULL,	NULL,	NULL),
(3302070014,	3302070,	-7.5907176,	109.3842692,	'BOGANGIN',	NULL,	NULL,	NULL),
(3302080001,	3302080,	-7.6398632,	109.3812949,	'PLANGKAPAN',	NULL,	NULL,	NULL),
(3302080002,	3302080,	-7.6125689,	109.3857564,	'GUMELAR LOR',	NULL,	NULL,	NULL),
(3302080003,	3302080,	-7.622749,	109.3887307,	'GUMELAR KIDUL',	NULL,	NULL,	NULL),
(3302080004,	3302080,	-7.618398200000001,	109.399141,	'KARANGPETIR',	NULL,	NULL,	NULL),
(3302080005,	3302080,	-7.638759599999999,	109.4050899,	'GEBANGSARI',	NULL,	NULL,	NULL),
(3302080006,	3302080,	-7.6219229,	109.4065771,	'KARANGPUCUNG',	NULL,	NULL,	NULL),
(3302080007,	3302080,	-7.6330478,	109.4169878,	'PREMBUN',	NULL,	NULL,	NULL),
(3302080008,	3302080,	-7.617296400000001,	109.4229368,	'PESANTREN',	NULL,	NULL,	NULL),
(3302080009,	3302080,	-7.6219027,	109.4348351,	'BUNIAYU',	NULL,	NULL,	NULL),
(3302080010,	3302080,	-7.6069816,	109.4229368,	'PURWODADI',	NULL,	NULL,	NULL),
(3302080011,	3302080,	-7.6080819,	109.399141,	'KAMULYAN',	NULL,	NULL,	NULL),
(3302080012,	3302080,	-7.568999699999999,	109.4080643,	'WATUAGUNG',	NULL,	NULL,	NULL),
(3302090001,	3302090,	-7.544872599999999,	109.3158648,	'TANGGERAN',	NULL,	NULL,	NULL),
(3302090002,	3302090,	-7.5294093,	109.3158648,	'SOKAWERA',	NULL,	NULL,	NULL),
(3302090003,	3302090,	-7.5234434,	109.3337085,	'SOMAGEDE',	NULL,	NULL,	NULL),
(3302090004,	3302090,	-7.538632400000001,	109.3396565,	'KLINTING',	NULL,	NULL,	NULL),
(3302090005,	3302090,	-7.540258199999999,	109.3604753,	'KEMAWI',	NULL,	NULL,	NULL),
(3302090006,	3302090,	-7.5220879,	109.3634495,	'PIASA KULON',	NULL,	NULL,	NULL),
(3302090007,	3302090,	-7.5177491,	109.3456047,	'KANDING',	NULL,	NULL,	NULL),
(3302090008,	3302090,	-7.5022947,	109.3456047,	'SOMAKATON',	NULL,	NULL,	NULL),
(3302090009,	3302090,	-7.4914536,	109.3575011,	'PLANA',	NULL,	NULL,	NULL),
(3302100001,	3302100,	-7.508527099999999,	109.3218126,	'SROWOT',	NULL,	NULL,	NULL),
(3302100002,	3302100,	-7.490362800000001,	109.3247866,	'SURO',	NULL,	NULL,	NULL),
(3302100003,	3302100,	-7.5022828,	109.2891005,	'KALIORI',	NULL,	NULL,	NULL),
(3302100004,	3302100,	-7.500379799999998,	109.2742321,	'WLAHAR WETAN',	NULL,	NULL,	NULL),
(3302100005,	3302100,	-7.479503900000001,	109.2801794,	'PEKAJA',	NULL,	NULL,	NULL),
(3302100006,	3302100,	-7.477880600000001,	109.2876136,	'KARANGDADAP',	NULL,	NULL,	NULL),
(3302100007,	3302100,	-7.478698000000001,	109.2980217,	'KALIBAGOR',	NULL,	NULL,	NULL),
(3302100008,	3302100,	-7.4781604,	109.309917,	'PAJERUKAN',	NULL,	NULL,	NULL),
(3302100009,	3302100,	-7.466238300000001,	109.3173517,	'PETIR',	NULL,	NULL,	NULL),
(3302100010,	3302100,	-7.4608212,	109.3232996,	'KALICUPAK KIDUL',	NULL,	NULL,	NULL),
(3302100011,	3302100,	-7.4554049,	109.3292475,	'KALICUPAK LOR',	NULL,	NULL,	NULL),
(3302100012,	3302100,	-7.453099399999999,	109.3232996,	'KALISOGRA WETAN',	NULL,	NULL,	NULL),
(3302110001,	3302110,	-7.5323832,	109.2504436,	'BINANGUN',	NULL,	NULL,	NULL),
(3302110002,	3302110,	-7.541884500000001,	109.2682849,	'PASINGGANGAN',	NULL,	NULL,	NULL),
(3302110003,	3302110,	-7.5359173,	109.2861268,	'KEDUNGGEDE',	NULL,	NULL,	NULL),
(3302110004,	3302110,	-7.5511133,	109.2920742,	'KARANGRAU',	NULL,	NULL,	NULL),
(3302110005,	3302110,	-7.535375900000001,	109.2980217,	'KEJAWAR',	NULL,	NULL,	NULL),
(3302110006,	3302110,	-7.528594599999999,	109.3054563,	'DANARAJA',	NULL,	NULL,	NULL),
(3302110007,	3302110,	-7.515980899999999,	109.2995086,	'KEDUNGUTER',	NULL,	NULL,	NULL),
(3302110008,	3302110,	-7.5188277,	109.2935611,	'SUDAGARAN',	NULL,	NULL,	NULL),
(3302110009,	3302110,	-7.5256078,	109.2861268,	'PEKUNDEN',	NULL,	NULL,	NULL),
(3302110010,	3302110,	-7.5155698,	109.2801794,	'KALISUBE',	NULL,	NULL,	NULL),
(3302110011,	3302110,	-7.5201771,	109.2638245,	'DAWUHAN',	NULL,	NULL,	NULL),
(3302110012,	3302110,	-7.5066093,	109.2504436,	'PAPRINGAN',	NULL,	NULL,	NULL),
(3302120001,	3302120,	-7.479436499999999,	109.1671937,	'SAWANGAN WETAN',	NULL,	NULL,	NULL),
(3302120002,	3302120,	-7.4837894,	109.1850317,	'KARANGENDEP',	NULL,	NULL,	NULL),
(3302120003,	3302120,	-7.488140899999999,	109.2028704,	'NOTOG',	NULL,	NULL,	NULL),
(3302120004,	3302120,	-7.4870698,	109.2266564,	'PATIKRAJA',	NULL,	NULL,	NULL),
(3302120005,	3302120,	-7.485312699999999,	109.2370631,	'PEGALONGAN',	NULL,	NULL,	NULL),
(3302120006,	3302120,	-7.491149699999999,	109.2504436,	'SOKAWERA KIDUL',	NULL,	NULL,	NULL),
(3302120007,	3302120,	-7.495765099999999,	109.2623377,	'WLAHAR KULON',	NULL,	NULL,	NULL),
(3302120008,	3302120,	-7.471345599999999,	109.2326031,	'KEDUNGRANDU',	NULL,	NULL,	NULL),
(3302120009,	3302120,	-7.4724148,	109.2088168,	'KEDUNGWULUH KIDUL',	NULL,	NULL,	NULL),
(3302120010,	3302120,	-7.4638659,	109.1984106,	'KEDUNGWULUH LOR',	NULL,	NULL,	NULL),
(3302120011,	3302120,	-7.4558722,	109.204357,	'KARANGANYAR',	NULL,	NULL,	NULL),
(3302120012,	3302120,	-7.4613105,	109.2266564,	'SIDABOWA',	NULL,	NULL,	NULL),
(3302120013,	3302120,	-7.446126299999999,	109.2207098,	'KEDUNGWRINGIN',	NULL,	NULL,	NULL),
(3302130001,	3302130,	-7.5113955,	109.0869316,	'GERDUREN',	NULL,	NULL,	NULL),
(3302130002,	3302130,	-7.4902328,	109.0988214,	'KARANGTALUN KIDUL',	NULL,	NULL,	NULL),
(3302130003,	3302130,	-7.477741,	109.089904,	'KALIURIP',	NULL,	NULL,	NULL),
(3302130004,	3302130,	-7.4833221,	109.1092252,	'KARANGTALUN LOR',	NULL,	NULL,	NULL),
(3302130005,	3302130,	-7.497035400000001,	109.1196292,	'PURWOJATI',	NULL,	NULL,	NULL),
(3302130006,	3302130,	-7.4813016,	109.1255745,	'KLAPASAWIT',	NULL,	NULL,	NULL),
(3302130007,	3302130,	-7.4805028,	109.1434108,	'KARANGMANGU',	NULL,	NULL,	NULL),
(3302130008,	3302130,	-7.4655724,	109.1315198,	'KALIPUTIH',	NULL,	NULL,	NULL),
(3302130009,	3302130,	-7.472054699999999,	109.1017938,	'KALIWANGI',	NULL,	NULL,	NULL),
(3302130010,	3302130,	-7.456591500000001,	109.1017938,	'KALITAPEN',	NULL,	NULL,	NULL),
(3302140001,	3302140,	-7.4207126,	109.0393759,	'DARMAKRADENAN',	NULL,	NULL,	NULL),
(3302140002,	3302140,	-7.443244399999999,	109.0542365,	'TIPAR KIDUL',	NULL,	NULL,	NULL),
(3302140003,	3302140,	-7.4392162,	109.0869316,	'SAWANGAN',	NULL,	NULL,	NULL),
(3302140004,	3302140,	-7.445755399999999,	109.113684,	'JINGKANG',	NULL,	NULL,	NULL),
(3302140005,	3302140,	-7.414847000000001,	109.113684,	'BANJARSARI',	NULL,	NULL,	NULL),
(3302140006,	3302140,	-7.4141524,	109.1003076,	'KALIBENDA',	NULL,	NULL,	NULL),
(3302140007,	3302140,	-7.415901,	109.089904,	'PANCURENDANG',	NULL,	NULL,	NULL),
(3302140008,	3302140,	-7.426730800000001,	109.0780145,	'PANCASAN',	NULL,	NULL,	NULL),
(3302140009,	3302140,	-7.432673799999999,	109.0601808,	'KARANGBAWANG',	NULL,	NULL,	NULL),
(3302140010,	3302140,	-7.412327699999999,	109.0542365,	'KRACAK',	NULL,	NULL,	NULL),
(3302140011,	3302140,	-7.416666999999999,	109.066667,	'AJIBARANG KULON',	NULL,	NULL,	NULL),
(3302140012,	3302140,	-7.415073899999999,	109.0795007,	'AJIBARANG WETAN',	NULL,	NULL,	NULL),
(3302140013,	3302140,	-7.403720700000001,	109.1032801,	'LESMANA',	NULL,	NULL,	NULL),
(3302140014,	3302140,	-7.395563300000001,	109.0839592,	'PANDANSARI',	NULL,	NULL,	NULL),
(3302140015,	3302140,	-7.3960882,	109.0720699,	'CIBERUNG',	NULL,	NULL,	NULL),
(3302150001,	3302150,	-7.395383799999999,	108.9710238,	'CILANGKAP',	NULL,	NULL,	NULL),
(3302150002,	3302150,	-7.4021987,	108.9918254,	'CIHONJE',	NULL,	NULL,	NULL),
(3302150003,	3302150,	-7.420103699999999,	108.9947972,	'PANINGKABAN',	NULL,	NULL,	NULL),
(3302150004,	3302150,	-7.4429053,	109.0037125,	'KARANGKEMOJING',	NULL,	NULL,	NULL),
(3302150005,	3302150,	-7.403597699999999,	109.0185719,	'GANCANG',	NULL,	NULL,	NULL),
(3302150006,	3302150,	-7.380549199999999,	109.0156,	'KEDUNGURANG',	NULL,	NULL,	NULL),
(3302150007,	3302150,	-7.375667200000001,	108.9801779,	'GUMELAR',	NULL,	NULL,	NULL),
(3302150008,	3302150,	-7.3595865,	108.9650807,	'TLAGA',	NULL,	NULL,	NULL),
(3302150009,	3302150,	-7.3496563,	109.0156,	'SAMUDRA',	NULL,	NULL,	NULL),
(3302150010,	3302150,	-7.340399399999999,	108.9918254,	'SAMUDRA KULON',	NULL,	NULL,	NULL),
(3302160001,	3302160,	-7.3892808,	109.0512643,	'CIBANGKONG',	NULL,	NULL,	NULL),
(3302160002,	3302160,	-7.3667631,	109.0364038,	'PETAHUNAN',	NULL,	NULL,	NULL),
(3302160003,	3302160,	-7.365980299999999,	109.0542365,	'SEMEDO',	NULL,	NULL,	NULL),
(3302160004,	3302160,	-7.3806406,	109.0720699,	'CIKAWUNG',	NULL,	NULL,	NULL),
(3302160005,	3302160,	-7.3801168,	109.0839592,	'KARANGKLESEM',	NULL,	NULL,	NULL),
(3302160006,	3302160,	-7.3795926,	109.0958489,	'CANDINEGARA',	NULL,	NULL,	NULL),
(3302160007,	3302160,	-7.3896266,	109.1017938,	'CIKEMBULAN',	NULL,	NULL,	NULL),
(3302160008,	3302160,	-7.324390699999999,	109.1226018,	'TUMIYANG',	NULL,	NULL,	NULL),
(3302160009,	3302160,	-7.312185299999999,	109.1077389,	'GLEMPANG',	NULL,	NULL,	NULL),
(3302160010,	3302160,	-7.333278600000001,	109.0958489,	'PEKUNCEN',	NULL,	NULL,	NULL),
(3302160011,	3302160,	-7.363191199999999,	109.0884178,	'PASIRAMAN LOR',	NULL,	NULL,	NULL),
(3302160012,	3302160,	-7.367596599999999,	109.0906471,	'PASIRAMAN KIDUL',	NULL,	NULL,	NULL),
(3302160013,	3302160,	-7.3703443,	109.0720699,	'BANJARANYAR',	NULL,	NULL,	NULL),
(3302160014,	3302160,	-7.348095400000001,	109.0512643,	'KARANGKEMIRI',	NULL,	NULL,	NULL),
(3302160015,	3302160,	-7.340816599999999,	109.0705837,	'KRANGGAN',	NULL,	NULL,	NULL),
(3302160016,	3302160,	-7.3356583,	109.0798332,	'KRAJAN',	NULL,	NULL,	NULL),
(3302170001,	3302170,	-7.434921999999998,	109.1255745,	'BATUANTEN',	NULL,	NULL,	NULL),
(3302170002,	3302170,	-7.4392792,	109.1434108,	'KASEGERAN',	NULL,	NULL,	NULL),
(3302170003,	3302170,	-7.4542038,	109.1553021,	'JATISABA',	NULL,	NULL,	NULL),
(3302170004,	3302170,	-7.458824300000001,	109.1671937,	'PANUSUPAN',	NULL,	NULL,	NULL),
(3302170005,	3302170,	-7.432803,	109.1731396,	'PEJOGOL',	NULL,	NULL,	NULL),
(3302170006,	3302170,	-7.4181485,	109.1553021,	'PAGERAJI',	NULL,	NULL,	NULL),
(3302170007,	3302170,	-7.4289773,	109.1434108,	'SUDIMARA',	NULL,	NULL,	NULL),
(3302170008,	3302170,	-7.408378600000001,	109.1434108,	'CILONGOK',	NULL,	NULL,	NULL),
(3302170009,	3302170,	-7.419205499999999,	109.1315198,	'CIPETE',	NULL,	NULL,	NULL),
(3302170010,	3302170,	-7.4027993,	109.1240882,	'CIKIDANG',	NULL,	NULL,	NULL),
(3302170011,	3302170,	-7.398608599999999,	109.1315198,	'PERNASIDI',	NULL,	NULL,	NULL),
(3302170012,	3302170,	-7.397026800000001,	109.1671937,	'LANGGONGSARI',	NULL,	NULL,	NULL),
(3302170013,	3302170,	-7.3877864,	109.1434108,	'RANCAMAYA',	NULL,	NULL,	NULL),
(3302170014,	3302170,	-7.3831652,	109.1315198,	'PANEMBANGAN',	NULL,	NULL,	NULL),
(3302170015,	3302170,	-7.3927652,	109.1181429,	'KARANGLO',	NULL,	NULL,	NULL),
(3302170016,	3302170,	-7.385305900000001,	109.1121977,	'KALISARI',	NULL,	NULL,	NULL),
(3302170017,	3302170,	-7.365545699999999,	109.1226018,	'KARANGTENGAH',	NULL,	NULL,	NULL),
(3302170018,	3302170,	-7.3363345,	109.1434108,	'SAMBIRATA',	NULL,	NULL,	NULL),
(3302170019,	3302170,	-7.37423,	109.1515586,	'GUNUNGLURAH',	NULL,	NULL,	NULL),
(3302170020,	3302170,	-7.319601599999999,	109.1731396,	'SOKAWERA',	NULL,	NULL,	NULL),
(3302180001,	3302180,	-7.4469251,	109.2028704,	'KEDIRI',	NULL,	NULL,	NULL),
(3302180002,	3302180,	-7.4377133,	109.2073301,	'PANGEBATAN',	NULL,	NULL,	NULL),
(3302180003,	3302180,	-7.4276806,	109.2013838,	'KARANGLEWAS KIDUL',	NULL,	NULL,	NULL),
(3302180004,	3302180,	-7.437156700000001,	109.1909778,	'TAMANSARI',	NULL,	NULL,	NULL),
(3302180005,	3302180,	-7.4181787,	109.1835451,	'KARANGKEMIRI',	NULL,	NULL,	NULL),
(3302180006,	3302180,	-7.4104562,	109.1835451,	'KARANGGUDE KULON',	NULL,	NULL,	NULL),
(3302180007,	3302180,	-7.407764900000001,	109.2006405,	'PASIR KULON',	NULL,	NULL,	NULL),
(3302180008,	3302180,	-7.4062134,	109.2065868,	'PASIR WETAN',	NULL,	NULL,	NULL),
(3302180009,	3302180,	-7.4037723,	109.2036137,	'PASIR LOR',	NULL,	NULL,	NULL),
(3302180010,	3302180,	-7.4011175,	109.1909778,	'JIPANG',	NULL,	NULL,	NULL),
(3302180011,	3302180,	-7.392704800000001,	109.1775991,	'SINGASARI',	NULL,	NULL,	NULL),
(3302180012,	3302180,	-7.386205800000001,	109.1790856,	'BABAKAN',	NULL,	NULL,	NULL),
(3302180013,	3302180,	-7.3504551,	109.1731396,	'SUNYALANGU',	NULL,	NULL,	NULL),
(3302190001,	3302190,	-7.391648600000001,	109.2013838,	'KEDUNGBANTENG',	NULL,	NULL,	'LEVEL_4_CONTAIN'),
(3302190002,	3302190,	-7.393957299999999,	109.2073301,	'KEBOCORAN',	NULL,	NULL,	NULL),
(3302190003,	3302190,	-7.400059300000001,	109.2147632,	'KARANGSALAM KIDUL',	NULL,	NULL,	NULL),
(3302190004,	3302190,	-7.389503200000001,	109.2207098,	'BEJI',	NULL,	NULL,	NULL),
(3302190005,	3302190,	-7.375553000000001,	109.2162498,	'KARANGNANGKA',	NULL,	NULL,	NULL),
(3302190006,	3302190,	-7.3694524,	109.2088168,	'KENITEN',	NULL,	NULL,	NULL),
(3302190007,	3302190,	-7.3699794,	109.1969241,	'DAWUHAN WETAN',	NULL,	NULL,	NULL),
(3302190008,	3302190,	-7.376739600000001,	109.1894913,	'DAWUHAN KULON',	NULL,	NULL,	NULL),
(3302190009,	3302190,	-7.3242198,	109.1850317,	'BASEH',	NULL,	NULL,	NULL),
(3302190010,	3302190,	-7.317467,	109.1924644,	'KALISALAK',	NULL,	NULL,	NULL),
(3302190011,	3302190,	-7.317205500000001,	109.1984106,	'WINDUJAYA',	NULL,	NULL,	NULL),
(3302190012,	3302190,	-7.355373699999999,	109.2073301,	'KALIKESUR',	NULL,	NULL,	NULL),
(3302190013,	3302190,	-7.353759099999999,	109.2147632,	'KUTALIMAN',	NULL,	NULL,	NULL),
(3302190014,	3302190,	-7.292598799999999,	109.2028704,	'MELUNG',	NULL,	NULL,	NULL),
(3302200001,	3302200,	-7.392899099999999,	109.2311164,	'PURWOSARI',	NULL,	NULL,	NULL),
(3302200002,	3302200,	-7.3851816,	109.2311164,	'KUTASARI',	NULL,	NULL,	NULL),
(3302200003,	3302200,	-7.379640699999999,	109.2400366,	'PANDAK',	NULL,	NULL,	NULL),
(3302200004,	3302200,	-7.3748931,	109.2311164,	'PAMIJEN',	NULL,	NULL,	NULL),
(3302200005,	3302200,	-7.3681337,	109.2385498,	'REMPOAH',	NULL,	NULL,	NULL),
(3302200006,	3302200,	-7.363518099999999,	109.2266564,	'KEBUMEN',	NULL,	NULL,	NULL),
(3302200007,	3302200,	-7.342949099999999,	109.2266564,	'KARANGTENGAH',	NULL,	NULL,	NULL),
(3302200008,	3302200,	-7.343774199999999,	109.2370631,	'KEMUTUG KIDUL',	NULL,	NULL,	NULL),
(3302200009,	3302200,	-7.3013076,	109.2385498,	'KARANGSALAM',	NULL,	NULL,	NULL),
(3302200010,	3302200,	-7.286417999999999,	109.2266564,	'KEMUTUG LOR',	NULL,	NULL,	NULL),
(3302200011,	3302200,	-7.3081882,	109.228143,	'KARANGMANGU',	NULL,	NULL,	NULL),
(3302200012,	3302200,	-7.297215099999999,	109.2147632,	'KETENGER',	NULL,	NULL,	NULL),
(3302210001,	3302210,	-7.377892,	109.2504436,	'KARANGGINTUNG',	NULL,	NULL,	NULL),
(3302210002,	3302210,	-7.387650100000001,	109.2623377,	'TAMBAKSOGRA',	NULL,	NULL,	NULL),
(3302210003,	3302210,	-7.385369899999999,	109.2846399,	'KARANGCEGAK',	NULL,	NULL,	NULL),
(3302210004,	3302210,	-7.3824005,	109.2935611,	'KARANGTURI',	NULL,	NULL,	NULL),
(3302210005,	3302210,	-7.3845737,	109.3024824,	'SILADO',	NULL,	NULL,	NULL),
(3302210006,	3302210,	-7.3657547,	109.2920742,	'SUSUKAN',	NULL,	NULL,	NULL),
(3302210007,	3302210,	-7.376568499999999,	109.2801794,	'SUMBANG',	NULL,	NULL,	NULL),
(3302210008,	3302210,	-7.377098200000001,	109.2682849,	'KEBANGGAN',	NULL,	NULL,	NULL),
(3302210009,	3302210,	-7.3762755,	109.2578774,	'KAWUNGCARANG',	NULL,	NULL,	NULL),
(3302210010,	3302210,	-7.371264600000001,	109.2549039,	'DATAR',	NULL,	NULL,	NULL),
(3302210011,	3302210,	-7.3575846,	109.2444967,	'BANJARSARI KULON',	NULL,	NULL,	NULL),
(3302210012,	3302210,	-7.350564299999999,	109.2578774,	'BANJARSARI WETAN',	NULL,	NULL,	NULL),
(3302210013,	3302210,	-7.359232,	109.2653113,	'BANTERAN',	NULL,	NULL,	NULL),
(3302210014,	3302210,	-7.361142300000001,	109.2801794,	'CIBEREM',	NULL,	NULL,	NULL),
(3302210015,	3302210,	-7.3343528,	109.2757189,	'SIKAPAT',	NULL,	NULL,	NULL),
(3302210016,	3302210,	-7.3359668,	109.2682849,	'GANDATAPA',	NULL,	NULL,	NULL),
(3302210017,	3302210,	-7.3367563,	109.2504436,	'KOTAYASA',	NULL,	NULL,	NULL),
(3302210018,	3302210,	-7.3007842,	109.2504436,	'LIMPAKUWUS',	NULL,	NULL,	NULL),
(3302210019,	3302210,	-7.391972099999999,	109.2519304,	'KEDUNG MALANG',	NULL,	NULL,	NULL),
(3302220001,	3302220,	-7.4282825,	109.2742321,	'LEDUG',	NULL,	NULL,	NULL),
(3302220002,	3302220,	-7.432628900000001,	109.2920742,	'PLIKEN',	NULL,	NULL,	NULL),
(3302220003,	3302220,	-7.418276799999999,	109.2965349,	'PURWODADI',	NULL,	NULL,	NULL),
(3302220004,	3302220,	-7.4230222,	109.3054563,	'KARANGTENGAH',	NULL,	NULL,	NULL),
(3302220005,	3302220,	-7.4161236,	109.3158648,	'KRAMAT',	NULL,	NULL,	NULL),
(3302220006,	3302220,	-7.399737699999998,	109.3084301,	'SAMBENG WETAN',	NULL,	NULL,	NULL),
(3302220007,	3302220,	-7.405147899999999,	109.3024824,	'SAMBENG KULON',	NULL,	NULL,	NULL),
(3302220008,	3302220,	-7.405547199999999,	109.2935611,	'PURBADANA',	NULL,	NULL,	NULL),
(3302220009,	3302220,	-7.413397799999999,	109.2905873,	'KEMBARAN',	NULL,	NULL,	NULL),
(3302220010,	3302220,	-7.418943,	109.2816662,	'BOJONGSARI',	NULL,	NULL,	NULL),
(3302220011,	3302220,	-7.4063452,	109.2757189,	'KARANGSOKA',	NULL,	NULL,	NULL),
(3302220012,	3302220,	-7.407963800000001,	109.2682849,	'DUKUHWALUH',	NULL,	NULL,	NULL),
(3302220013,	3302220,	-7.3991589,	109.2638245,	'TAMBAKSARI KIDUL',	NULL,	NULL,	NULL),
(3302220014,	3302220,	-7.396188400000001,	109.2727453,	'BANTARWUNI',	NULL,	NULL,	NULL),
(3302220015,	3302220,	-7.401067299999999,	109.2786926,	'KARANGSARI',	NULL,	NULL,	NULL),
(3302220016,	3302220,	-7.3953916,	109.2905873,	'LINGGASARI',	NULL,	NULL,	NULL),
(3302230001,	3302230,	-7.470959799999999,	109.2697717,	'KALIKIDANG',	NULL,	NULL,	NULL),
(3302230002,	3302230,	-7.4598563,	109.2876136,	'SOKARAJA TENGAH',	NULL,	NULL,	NULL),
(3302230003,	3302230,	-7.4618947,	109.2995086,	'SOKARAJA KIDUL',	NULL,	NULL,	NULL),
(3302230004,	3302230,	-7.4563438,	109.3084301,	'SOKARAJA WETAN',	NULL,	NULL,	NULL),
(3302230005,	3302230,	-7.443206699999999,	109.3143778,	'KLAHANG',	NULL,	NULL,	NULL),
(3302230006,	3302230,	-7.444176999999999,	109.3202754,	'BANJARSARI KIDUL',	NULL,	NULL,	NULL),
(3302230007,	3302230,	-7.435360499999999,	109.331478,	'JOMPO KULON',	NULL,	NULL,	NULL),
(3302230008,	3302230,	-7.431292599999999,	109.3218126,	'BANJARANYAR',	NULL,	NULL,	NULL),
(3302230009,	3302230,	-7.433180800000001,	109.3084301,	'LEMBERANG',	NULL,	NULL,	NULL),
(3302230010,	3302230,	-7.441034699999999,	109.3054563,	'KARANGDUREN',	NULL,	NULL,	NULL),
(3302230011,	3302230,	-7.4491575,	109.2965349,	'SOKARAJA LOR',	NULL,	NULL,	NULL),
(3302230012,	3302230,	-7.4444108,	109.2876136,	'KEDONDONG',	NULL,	NULL,	NULL),
(3302230013,	3302230,	-7.4422378,	109.2786926,	'PAMIJEN',	NULL,	NULL,	NULL),
(3302230014,	3302230,	-7.449692700000001,	109.2846399,	'SOKARAJA KULON',	NULL,	NULL,	NULL),
(3302230015,	3302230,	-7.4551089,	109.2786926,	'KARANGKEDAWUNG',	NULL,	NULL,	NULL),
(3302230016,	3302230,	-7.466077399999999,	109.2638245,	'WIRADADI',	NULL,	NULL,	NULL),
(3302230017,	3302230,	-7.449140900000001,	109.2682849,	'KARANGNANAS',	NULL,	NULL,	NULL),
(3302230018,	3302230,	-7.450762099999999,	109.2608509,	'KARANGRAU',	NULL,	NULL,	NULL),
(3302710001,	3302710,	-7.455626,	109.2385498,	'KARANGKLESEM',	NULL,	NULL,	NULL),
(3302710002,	3302710,	-7.449942300000001,	109.2504436,	'TELUK',	NULL,	NULL,	NULL),
(3302710003,	3302710,	-7.439111,	109.2623377,	'BERKOH',	NULL,	NULL,	NULL),
(3302710004,	3302710,	-7.433142600000001,	109.2519304,	'PURWOKERTO KIDUL',	NULL,	NULL,	NULL),
(3302710005,	3302710,	-7.434762600000001,	109.2444967,	'PURWOKERTO KULON',	NULL,	NULL,	NULL),
(3302710006,	3302710,	-7.449522199999999,	109.2311164,	'KARANGPUCUNG',	NULL,	NULL,	NULL),
(3302710007,	3302710,	-7.4394897,	109.2251697,	'TANJUNG',	NULL,	NULL,	NULL),
(3302720001,	3302720,	-7.4218552,	109.2021271,	'KARANGLEWAS LOR',	NULL,	NULL,	NULL),
(3302720002,	3302720,	-7.4146772,	109.204357,	'PASIR KIDUL',	NULL,	NULL,	NULL),
(3302720003,	3302720,	-7.419427199999999,	109.2132766,	'REJASARI',	NULL,	NULL,	NULL),
(3302720004,	3302720,	-7.432165299999999,	109.2162498,	'PASIRMUNCANG',	NULL,	NULL,	NULL),
(3302720005,	3302720,	-7.4243097,	109.2192231,	'BANTARSOKA',	NULL,	NULL,	NULL),
(3302720006,	3302720,	-7.414014300000001,	109.2192231,	'KOBER',	NULL,	NULL,	NULL),
(3302720007,	3302720,	-7.426618100000001,	109.2251697,	'KEDUNGWULUH',	NULL,	NULL,	NULL),
(3302730001,	3302730,	-7.4183651,	109.2370631,	'SOKANEGARA',	NULL,	NULL,	NULL),
(3302730002,	3302730,	-7.423298,	109.2330129,	'KRANJI',	NULL,	NULL,	NULL),
(3302730003,	3302730,	-7.4231136,	109.2459834,	'PURWOKERTO LOR',	NULL,	NULL,	NULL),
(3302730004,	3302730,	-7.425287999999999,	109.2549039,	'PURWOKERTO WETAN',	NULL,	NULL,	NULL),
(3302730005,	3302730,	-7.427462200000001,	109.2638245,	'MERSI',	NULL,	NULL,	NULL),
(3302730006,	3302730,	-7.4148614,	109.2578774,	'ARCAWINANGUN',	NULL,	NULL,	NULL),
(3302740001,	3302740,	-7.403588099999999,	109.2221964,	'BOBOSAN',	NULL,	NULL,	NULL),
(3302740002,	3302740,	-7.4095572,	109.2326031,	'PURWANEGARA',	NULL,	NULL,	NULL),
(3302740003,	3302740,	-7.4103794,	109.24301,	'BANCARKEMBAR',	NULL,	NULL,	NULL),
(3302740004,	3302740,	-7.4003525,	109.2370631,	'SUMAMPIR',	NULL,	NULL,	NULL),
(3302740005,	3302740,	-7.3923696,	109.24301,	'PABUARAN',	NULL,	NULL,	NULL),
(3302740006,	3302740,	-7.4075408,	109.2489569,	'GRENDENG',	NULL,	NULL,	NULL),
(3302740007,	3302740,	-7.4078852,	109.2556472,	'KARANGWANGKAL',	NULL,	NULL,	NULL);

DROP TABLE IF EXISTS `menu`;
CREATE TABLE `menu` (
  `menu_id` int(11) NOT NULL AUTO_INCREMENT,
  `menu_ket` varchar(50) NOT NULL,
  `menu_parent` int(11) NOT NULL,
  `menu_url` varchar(100) NOT NULL,
  `menu_order` int(11) NOT NULL,
  PRIMARY KEY (`menu_id`),
  KEY `menu_parent` (`menu_parent`),
  KEY `menu_ket` (`menu_ket`) USING BTREE,
  KEY `menu_url` (`menu_url`)
) ENGINE=InnoDB DEFAULT CHARSET=latin1;

INSERT INTO `menu` (`menu_id`, `menu_ket`, `menu_parent`, `menu_url`, `menu_order`) VALUES
(1,	'dashboard',	0,	'home',	1),
(2,	'setting',	0,	'setting',	2),
(3,	'menu',	2,	'menu',	1),
(4,	'user',	2,	'users',	2);

DROP TABLE IF EXISTS `MOSQUE_TBL`;
CREATE TABLE `MOSQUE_TBL` (
  `ID` int(11) NOT NULL AUTO_INCREMENT,
  `NAMA` varchar(100) NOT NULL,
  `PROVINSI` bigint(20) DEFAULT NULL,
  `KABUPATEN` bigint(20) DEFAULT NULL,
  `KECAMATAN` bigint(20) DEFAULT NULL,
  `KELURAHAN` bigint(20) DEFAULT NULL,
  `ALAMAT` varchar(100) NOT NULL,
  `DKM_KETUA` varchar(50) DEFAULT NULL,
  `REGISTERED_BY` varchar(100) DEFAULT NULL,
  PRIMARY KEY (`ID`),
  KEY `NAMA` (`NAMA`),
  KEY `DKM_KETUA` (`DKM_KETUA`)
) ENGINE=InnoDB DEFAULT CHARSET=latin1;

INSERT INTO `MOSQUE_TBL` (`ID`, `NAMA`, `PROVINSI`, `KABUPATEN`, `KECAMATAN`, `KELURAHAN`, `ALAMAT`, `DKM_KETUA`, `REGISTERED_BY`) VALUES
(1,	'Masjid Mujahidin',	NULL,	NULL,	NULL,	NULL,	'Depok Kukusan',	'zulyantara',	'admin@localhost.com');

DROP TABLE IF EXISTS `PERAN_TBL`;
CREATE TABLE `PERAN_TBL` (
  `ID` int(11) NOT NULL AUTO_INCREMENT,
  `PERAN` varchar(100) NOT NULL,
  PRIMARY KEY (`ID`),
  KEY `PERAN` (`PERAN`)
) ENGINE=InnoDB DEFAULT CHARSET=latin1;

INSERT INTO `PERAN_TBL` (`ID`, `PERAN`) VALUES
(0,	'Administrator'),
(1,	'Aktivis Masjid'),
(3,	'Donatur'),
(2,	'Instructur / Trainer / Coach');

DROP TABLE IF EXISTS `provinsi_tbl`;
CREATE TABLE `provinsi_tbl` (
  `id` bigint(20) NOT NULL,
  `latitude` double DEFAULT NULL,
  `longitude` double DEFAULT NULL,
  `name` varchar(255) DEFAULT NULL,
  `postedBy` bigint(20) DEFAULT NULL,
  `postedOn` datetime DEFAULT NULL,
  `pemilu2014kdprop` int(11) DEFAULT NULL,
  `LATLNG_NOTE` varchar(40) DEFAULT NULL,
  PRIMARY KEY (`id`)
) ENGINE=InnoDB DEFAULT CHARSET=latin1;

INSERT INTO `provinsi_tbl` (`id`, `latitude`, `longitude`, `name`, `postedBy`, `postedOn`, `pemilu2014kdprop`, `LATLNG_NOTE`) VALUES
(31,	-6.1744651,	106.822745,	'DKI JAKARTA',	NULL,	NULL,	NULL,	NULL),
(32,	-7.090910999999999,	107.668887,	'JAWA BARAT',	NULL,	NULL,	NULL,	NULL),
(33,	-7.150975,	110.1402594,	'JAWA TENGAH',	NULL,	NULL,	NULL,	NULL);

DROP TABLE IF EXISTS `RECEIVED_TBL`;
CREATE TABLE `RECEIVED_TBL` (
  `ID` int(11) NOT NULL AUTO_INCREMENT,
  `ACCOUNT_SENDER` varchar(100) NOT NULL,
  `NAME_SENDER` varchar(100) NOT NULL,
  `AMOUNT` int(11) NOT NULL,
  `DATE` timestamp NOT NULL DEFAULT CURRENT_TIMESTAMP ON UPDATE CURRENT_TIMESTAMP,
  `STATUS` int(11) NOT NULL COMMENT '1=Received, 0=Not Received',
  PRIMARY KEY (`ID`)
) ENGINE=InnoDB DEFAULT CHARSET=latin1;

INSERT INTO `RECEIVED_TBL` (`ID`, `ACCOUNT_SENDER`, `NAME_SENDER`, `AMOUNT`, `DATE`, `STATUS`) VALUES
(1,	'123456',	'zulyantara',	100000,	'2017-11-13 17:35:28',	0);

DROP TABLE IF EXISTS `REPLIES_TBL`;
CREATE TABLE `REPLIES_TBL` (
  `ID` int(11) NOT NULL AUTO_INCREMENT,
  `DISCUSSION_ID` int(11) NOT NULL,
  `POSTED_BY` int(11) NOT NULL,
  `POSTED_ON` timestamp NOT NULL DEFAULT CURRENT_TIMESTAMP ON UPDATE CURRENT_TIMESTAMP,
  `QUESTION` text NOT NULL,
  PRIMARY KEY (`ID`)
) ENGINE=InnoDB DEFAULT CHARSET=latin1;


DROP TABLE IF EXISTS `titik_pantau_tbl`;
CREATE TABLE `titik_pantau_tbl` (
  `ID` int(11) NOT NULL AUTO_INCREMENT,
  `LATITUDE` double DEFAULT NULL,
  `LONGITUDE` double DEFAULT NULL,
  `ALAMAT` varchar(255) DEFAULT NULL,
  `MASALAH` varchar(255) DEFAULT NULL,
  PRIMARY KEY (`ID`)
) ENGINE=InnoDB DEFAULT CHARSET=latin1;

INSERT INTO `titik_pantau_tbl` (`ID`, `LATITUDE`, `LONGITUDE`, `ALAMAT`, `MASALAH`) VALUES
(1,	-6.207914199999999,	106.87954190000005,	'Jl. Sinar Jaya No.14, Pisangan Tim., Pulo Gadung, Kota Jakarta Timur, Daerah Khusus Ibukota Jakarta 13230, Indonesia',	'Test'),
(2,	-7.4101187,	109.27391390000003,	'Jl. Kembaran-Dukuh W, Dukuhwaluh, Kembaran, Kabupaten Banyumas, Jawa Tengah 53182, Indonesia',	'Jalan berlubang');

DROP TABLE IF EXISTS `users_sessions`;
CREATE TABLE `users_sessions` (
  `id` varchar(40) NOT NULL,
  `ip_address` varchar(45) NOT NULL,
  `timestamp` int(10) unsigned NOT NULL DEFAULT '0',
  `data` blob NOT NULL,
  PRIMARY KEY (`id`),
  KEY `ci_sessions_timestamp` (`timestamp`)
) ENGINE=InnoDB DEFAULT CHARSET=latin1;

INSERT INTO `users_sessions` (`id`, `ip_address`, `timestamp`, `data`) VALUES
('02vchf2d0md91rgrb1aaj9a56qrg889l',	'127.0.0.1',	1510594673,	'__ci_last_regenerate|i:1510594673;my_captcha|s:4:\"9386\";idMosque|s:1:\"1\";userId|s:2:\"10\";userEmail|s:25:\"zulyantara4@localhost.com\";isLoggedIn|b:1;'),
('070pt84pg3bkdujltcnjbbt3pu88pqfo',	'127.0.0.1',	1510251447,	'__ci_last_regenerate|i:1510251447;userId|s:2:\"10\";userEmail|s:25:\"zulyantara4@localhost.com\";isLoggedIn|b:1;'),
('09lf9t0tu0fcjd8jmni8q0drh8l5k1tm',	'127.0.0.1',	1510212536,	'__ci_last_regenerate|i:1510212536;userId|s:1:\"1\";userEmail|s:19:\"admin@localhost.com\";isLoggedIn|b:1;'),
('0h3ne0iebjl8n0rp63os4afaom4iamff',	'127.0.0.1',	1510198252,	'__ci_last_regenerate|i:1510198252;userId|s:1:\"1\";userEmail|s:19:\"admin@localhost.com\";isLoggedIn|b:1;'),
('0hor1o0a7gbtj8hs7p31nou5broo70s1',	'127.0.0.1',	1511085709,	'__ci_last_regenerate|i:1511085709;'),
('114hat2rnu74gtth2d5bd30eqvgv4nbk',	'127.0.0.1',	1510221786,	'__ci_last_regenerate|i:1510221786;userId|s:1:\"1\";userEmail|s:19:\"admin@localhost.com\";isLoggedIn|b:1;my_captcha|s:4:\"0742\";'),
('1polmkle0g7e3d4io3o0esfs73sunk2b',	'127.0.0.1',	1510595252,	'__ci_last_regenerate|i:1510595252;my_captcha|s:4:\"9386\";idMosque|s:1:\"1\";userId|s:2:\"10\";userEmail|s:25:\"zulyantara4@localhost.com\";isLoggedIn|b:1;'),
('1rp74ojdgfemuagb149kbf9prc6vfed4',	'127.0.0.1',	1510240730,	'__ci_last_regenerate|i:1510240730;userId|s:1:\"9\";userEmail|s:18:\"ajahtara@gmail.com\";isLoggedIn|b:1;'),
('1v3chuiqgo30672bqvna9e27b1oavup1',	'127.0.0.1',	1510217997,	'__ci_last_regenerate|i:1510217997;userId|s:1:\"1\";userEmail|s:19:\"admin@localhost.com\";isLoggedIn|b:1;my_captcha|s:4:\"0234\";'),
('20ha4tgceivh2qmndfl6ufjeajk3n15c',	'127.0.0.1',	1510218903,	'__ci_last_regenerate|i:1510218903;userId|s:1:\"1\";userEmail|s:19:\"admin@localhost.com\";isLoggedIn|b:1;my_captcha|s:4:\"0234\";'),
('21dqgn99mv9bkc35v9hga3ditq67kpdc',	'127.0.0.1',	1510679106,	'__ci_last_regenerate|i:1510679069;my_captcha|s:4:\"7305\";userId|s:2:\"10\";userEmail|s:25:\"zulyantara4@localhost.com\";isLoggedIn|b:1;'),
('25snq3su0ai8334bg69ek4cdvavhgh4r',	'127.0.0.1',	1510050344,	'__ci_last_regenerate|i:1510050344;userId|s:1:\"1\";userEmail|s:19:\"admin@localhost.com\";isLoggedIn|b:1;'),
('2eke5h46u33rl58mi3abmpp4rdpjcpol',	'127.0.0.1',	1510198905,	'__ci_last_regenerate|i:1510198905;userId|s:1:\"1\";userEmail|s:19:\"admin@localhost.com\";isLoggedIn|b:1;'),
('3554m60286eshmeipch4lqs7d9jt0sfd',	'127.0.0.1',	1511039319,	'__ci_last_regenerate|i:1511039319;my_captcha|s:4:\"1235\";'),
('3es4mhralb1dridnjnn3se50ae8ls6go',	'127.0.0.1',	1510064134,	'__ci_last_regenerate|i:1510064134;'),
('3koh6j7phqr7c3tao5ip9gtv7caejflm',	'127.0.0.1',	1510214909,	'__ci_last_regenerate|i:1510214909;userId|s:1:\"1\";userEmail|s:19:\"admin@localhost.com\";isLoggedIn|b:1;'),
('49k0iairvshsmgh9qjooc5f1u4podi10',	'127.0.0.1',	1511021131,	'__ci_last_regenerate|i:1511021131;my_captcha|s:4:\"1235\";'),
('4ejjt4muke13u3kbe1utd0ke6pt6ajjn',	'127.0.0.1',	1510217384,	'__ci_last_regenerate|i:1510217384;userId|s:1:\"1\";userEmail|s:19:\"admin@localhost.com\";isLoggedIn|b:1;my_captcha|s:4:\"1086\";'),
('4gorss16qr32dg995ialibsk1f8cuetj',	'127.0.0.1',	1511029975,	'__ci_last_regenerate|i:1511029975;my_captcha|s:4:\"1235\";'),
('4guu32auhs90rc948ov853tq1m8abfd4',	'127.0.0.1',	1511033182,	'__ci_last_regenerate|i:1511033182;my_captcha|s:4:\"1235\";'),
('4klcgm65uub8e8ivfrsq9l260f7u96aa',	'127.0.0.1',	1510248956,	'__ci_last_regenerate|i:1510248956;userId|s:1:\"9\";userEmail|s:18:\"ajahtara@gmail.com\";isLoggedIn|b:1;my_captcha|s:4:\"2689\";'),
('4ukoes58asueie7gq4bctv4fa2oodt6o',	'127.0.0.1',	1510197618,	'__ci_last_regenerate|i:1510197618;userId|s:1:\"1\";userEmail|s:19:\"admin@localhost.com\";isLoggedIn|b:1;'),
('53qciaunh5rr3uie77fd1l9td9urj7et',	'127.0.0.1',	1510588971,	'__ci_last_regenerate|i:1510588971;my_captcha|s:4:\"4062\";'),
('5gctd1q3b9tp6qc9jcnjoi4dm1p07i5h',	'127.0.0.1',	1510229629,	'__ci_last_regenerate|i:1510229629;userId|s:1:\"9\";userEmail|s:18:\"ajahtara@gmail.com\";isLoggedIn|b:1;'),
('5gtbkmc9q4nfu1me0m8jl6ie9jr9tqd3',	'127.0.0.1',	1510240388,	'__ci_last_regenerate|i:1510240388;userId|s:1:\"9\";userEmail|s:18:\"ajahtara@gmail.com\";isLoggedIn|b:1;'),
('5h6oj4r45foma2hukdj4dibs7k64sai9',	'127.0.0.1',	1510595619,	'__ci_last_regenerate|i:1510595619;my_captcha|s:4:\"9386\";idMosque|s:1:\"1\";userId|s:2:\"10\";userEmail|s:25:\"zulyantara4@localhost.com\";isLoggedIn|b:1;'),
('5tgns39juho2c0o4ojg69ouhboe2hh24',	'127.0.0.1',	1510220449,	'__ci_last_regenerate|i:1510220449;userId|s:1:\"1\";userEmail|s:19:\"admin@localhost.com\";isLoggedIn|b:1;my_captcha|s:4:\"7821\";'),
('60d6j57m7c2vbomm928dsaiqt0qfhkib',	'127.0.0.1',	1510068196,	'__ci_last_regenerate|i:1510068196;my_captcha|s:4:\"0549\";'),
('66687i7o0totqfq8kqkqodda26kfi3q1',	'127.0.0.1',	1510226044,	'__ci_last_regenerate|i:1510226044;userId|s:1:\"1\";userEmail|s:19:\"admin@localhost.com\";isLoggedIn|b:1;'),
('6ndi4ip6c970bg8htbqjdcroskpr3do8',	'127.0.0.1',	1511032828,	'__ci_last_regenerate|i:1511032828;my_captcha|s:4:\"1235\";'),
('77pffqr0v5kdm6ppbtf81800ekf5nf91',	'127.0.0.1',	1510068500,	'__ci_last_regenerate|i:1510068500;my_captcha|s:4:\"5842\";'),
('7cbupp4qr7ddtirem8hgtc1b5ab8106s',	'127.0.0.1',	1511035497,	'__ci_last_regenerate|i:1511035497;my_captcha|s:4:\"1235\";'),
('7colmq84kslvh7sre9bsfpdaj5s1v2ht',	'127.0.0.1',	1510250857,	'__ci_last_regenerate|i:1510250857;userId|s:2:\"10\";userEmail|s:25:\"zulyantara4@localhost.com\";isLoggedIn|b:1;'),
('7dp90hgu3fd1n3e4jt9av5eloc7v640i',	'127.0.0.1',	1510238174,	'__ci_last_regenerate|i:1510238174;userId|s:1:\"9\";userEmail|s:18:\"ajahtara@gmail.com\";isLoggedIn|b:1;'),
('7ic7imj3ad4rneffdeeefb14nrrlsg5e',	'127.0.0.1',	1510593062,	'__ci_last_regenerate|i:1510593062;my_captcha|s:4:\"9386\";idMosque|s:1:\"1\";'),
('7rcp6ru9djf11lbg19udbf4boa0f65t6',	'127.0.0.1',	1510222826,	'__ci_last_regenerate|i:1510222826;userId|s:1:\"1\";userEmail|s:19:\"admin@localhost.com\";isLoggedIn|b:1;my_captcha|s:4:\"0742\";'),
('7udq3g5jp35o5ida3v1qh2ud9mt0fjat',	'127.0.0.1',	1510212193,	'__ci_last_regenerate|i:1510212193;userId|s:1:\"1\";userEmail|s:19:\"admin@localhost.com\";isLoggedIn|b:1;'),
('8aq6ijm3c2db53n0mmngadvupnreeoea',	'127.0.0.1',	1510211335,	'__ci_last_regenerate|i:1510211335;'),
('8eit49db9gi61odba7mkque70d2qt9ie',	'127.0.0.1',	1510071401,	'__ci_last_regenerate|i:1510071401;my_captcha|s:4:\"4083\";userId|s:1:\"1\";userEmail|s:19:\"admin@localhost.com\";isLoggedIn|b:1;'),
('8s8v35bue9q28k98flltiafeuat7ule4',	'127.0.0.1',	1511070675,	'__ci_last_regenerate|i:1511070675;my_captcha|s:4:\"7319\";userId|s:2:\"10\";userEmail|s:25:\"zulyantara4@localhost.com\";isLoggedIn|b:1;'),
('969093d99cdflo9cd89cs33975rhraat',	'127.0.0.1',	1510051735,	'__ci_last_regenerate|i:1510051735;userId|s:1:\"1\";userEmail|s:19:\"admin@localhost.com\";isLoggedIn|b:1;'),
('9ae3j5kojaoj1q039a5i3bauoa8i1uhd',	'127.0.0.1',	1511037353,	'__ci_last_regenerate|i:1511037353;my_captcha|s:4:\"1235\";'),
('9frfki7erq68lpu7ehfj41s8gbls5qdm',	'127.0.0.1',	1510054941,	'__ci_last_regenerate|i:1510054941;userId|s:1:\"1\";userEmail|s:19:\"admin@localhost.com\";isLoggedIn|b:1;'),
('9kpgplt36d4r7ik9ivcspqtjigut2ten',	'127.0.0.1',	1510219633,	'__ci_last_regenerate|i:1510219633;userId|s:1:\"1\";userEmail|s:19:\"admin@localhost.com\";isLoggedIn|b:1;my_captcha|s:4:\"8402\";'),
('a06b0i25dbm0hltu4nr447c1j1p30uhg',	'127.0.0.1',	1510231399,	'__ci_last_regenerate|i:1510231399;userId|s:1:\"9\";userEmail|s:18:\"ajahtara@gmail.com\";isLoggedIn|b:1;'),
('a3dcup1gbnmslqrf9apjr7ap5ekshbjs',	'127.0.0.1',	1510996681,	'__ci_last_regenerate|i:1510996575;'),
('ardj4vbncjqvs1vlili5gvqnqv903uuv',	'127.0.0.1',	1510200529,	'__ci_last_regenerate|i:1510200529;userId|s:1:\"1\";userEmail|s:19:\"admin@localhost.com\";isLoggedIn|b:1;'),
('avgqk2p4bd99aumbdsou6c90eecfmj1f',	'127.0.0.1',	1510199616,	'__ci_last_regenerate|i:1510199616;userId|s:1:\"1\";userEmail|s:19:\"admin@localhost.com\";isLoggedIn|b:1;'),
('b50ehd5ssksb50a2s5qlrp628c1jg9rs',	'127.0.0.1',	1510216250,	'__ci_last_regenerate|i:1510216250;userId|s:1:\"1\";userEmail|s:19:\"admin@localhost.com\";isLoggedIn|b:1;my_captcha|s:4:\"1086\";'),
('b87u2lpbqqtmdjrvgmpe6ebb5lmj7445',	'127.0.0.1',	1510055492,	'__ci_last_regenerate|i:1510055492;userId|s:1:\"1\";userEmail|s:19:\"admin@localhost.com\";isLoggedIn|b:1;'),
('bbemqaminf12ffuqcehu95uqavn9vo6e',	'127.0.0.1',	1511069896,	'__ci_last_regenerate|i:1511069896;my_captcha|s:4:\"7319\";userId|s:2:\"10\";userEmail|s:25:\"zulyantara4@localhost.com\";isLoggedIn|b:1;'),
('bkkmk6k5ljs6clu078sr6hen4a5ggb4l',	'127.0.0.1',	1510247933,	'__ci_last_regenerate|i:1510247933;userId|s:1:\"9\";userEmail|s:18:\"ajahtara@gmail.com\";isLoggedIn|b:1;my_captcha|s:4:\"2689\";'),
('btuevkajfdf6su50m6a5s2l75tr4kjuh',	'127.0.0.1',	1510069847,	'__ci_last_regenerate|i:1510069847;my_captcha|s:4:\"4083\";userId|s:1:\"1\";userEmail|s:19:\"admin@localhost.com\";isLoggedIn|b:1;'),
('c04imgkbcr3a7j7ljpcakl0k39ds89qe',	'127.0.0.1',	1511008396,	'__ci_last_regenerate|i:1511008396;'),
('c3eqi1rm4pv7o294je9nqlqobm9cpres',	'127.0.0.1',	1511031936,	'__ci_last_regenerate|i:1511031936;my_captcha|s:4:\"1235\";'),
('c5p68rahgorfc568bv6cuijonvhko8ur',	'127.0.0.1',	1510246829,	'__ci_last_regenerate|i:1510246829;userId|s:1:\"9\";userEmail|s:18:\"ajahtara@gmail.com\";isLoggedIn|b:1;'),
('cdphoii24708s7ldlkjgta85fke9b6r4',	'127.0.0.1',	1510066397,	'__ci_last_regenerate|i:1510066397;my_captcha|s:4:\"7945\";'),
('cekc8hferrjjpgcc9d3cj4m0r1fssn4q',	'127.0.0.1',	1510597354,	'__ci_last_regenerate|i:1510597354;my_captcha|s:4:\"9386\";idMosque|s:1:\"1\";userId|s:2:\"10\";userEmail|s:25:\"zulyantara4@localhost.com\";isLoggedIn|b:1;'),
('ctqg0dj6dfhgburc4g48m3t79dt1rd8j',	'127.0.0.1',	1510248454,	'__ci_last_regenerate|i:1510248454;userId|s:1:\"9\";userEmail|s:18:\"ajahtara@gmail.com\";isLoggedIn|b:1;my_captcha|s:4:\"2689\";'),
('cvcv90n2emjp3kvq97fr8j1pnjj8f4lm',	'127.0.0.1',	1510218511,	'__ci_last_regenerate|i:1510218511;userId|s:1:\"1\";userEmail|s:19:\"admin@localhost.com\";isLoggedIn|b:1;my_captcha|s:4:\"0234\";'),
('d185n5qeqn82jhetbkokcbj3benqh3lp',	'127.0.0.1',	1511036927,	'__ci_last_regenerate|i:1511036927;my_captcha|s:4:\"1235\";'),
('d46pkrcn0ld639btgmsajmdgns1nrshu',	'127.0.0.1',	1510239437,	'__ci_last_regenerate|i:1510239437;userId|s:1:\"9\";userEmail|s:18:\"ajahtara@gmail.com\";isLoggedIn|b:1;'),
('ddg84ik4q6pig5hj1i3e1i10h79dbl67',	'127.0.0.1',	1510054189,	'__ci_last_regenerate|i:1510054189;userId|s:1:\"1\";userEmail|s:19:\"admin@localhost.com\";isLoggedIn|b:1;'),
('deus4umeed47olp85pthhmigg30t47br',	'127.0.0.1',	1511028267,	'__ci_last_regenerate|i:1511028267;my_captcha|s:4:\"1235\";'),
('dlioi9fjnilmvtf0tt1oheqksisdvs2r',	'127.0.0.1',	1511029091,	'__ci_last_regenerate|i:1511029091;my_captcha|s:4:\"1235\";'),
('e4q6njdt7t8ntv3ija086s94dqnhj82r',	'127.0.0.1',	1511041360,	'__ci_last_regenerate|i:1511041360;my_captcha|s:4:\"1235\";'),
('e9t2mhvi5vih3u3dck782mlei2te9rjv',	'127.0.0.1',	1510242816,	'__ci_last_regenerate|i:1510242816;userId|s:1:\"9\";userEmail|s:18:\"ajahtara@gmail.com\";isLoggedIn|b:1;'),
('em2s7csaaqcf019vr39j79faq03h3jpf',	'127.0.0.1',	1510594372,	'__ci_last_regenerate|i:1510594372;my_captcha|s:4:\"9386\";idMosque|s:1:\"1\";userId|s:2:\"10\";userEmail|s:25:\"zulyantara4@localhost.com\";isLoggedIn|b:1;'),
('eoqvgpfv5sa4vi46cq9cspmidckqd0fd',	'127.0.0.1',	1511034920,	'__ci_last_regenerate|i:1511034920;my_captcha|s:4:\"1235\";'),
('evts3ut6vh01d5tekbmkcearniu09559',	'127.0.0.1',	1510211880,	'__ci_last_regenerate|i:1510211880;'),
('f5j8d09ito8511qcboljp0eurrm8ltlm',	'127.0.0.1',	1510221440,	'__ci_last_regenerate|i:1510221440;userId|s:1:\"1\";userEmail|s:19:\"admin@localhost.com\";isLoggedIn|b:1;my_captcha|s:4:\"2873\";'),
('f6svsd8clrqe2f76c6ak8d31nlhh2qfk',	'127.0.0.1',	1510985191,	'__ci_last_regenerate|i:1510985191;my_captcha|s:4:\"7809\";userId|s:2:\"10\";userEmail|s:25:\"zulyantara4@localhost.com\";isLoggedIn|b:1;'),
('f7ffmnp5m7eodlu7bo67sidfutpo1aa9',	'127.0.0.1',	1511027570,	'__ci_last_regenerate|i:1511027570;my_captcha|s:4:\"1235\";'),
('f7tabqh7et9lsl5i7lc4gklodqshggpt',	'127.0.0.1',	1511038361,	'__ci_last_regenerate|i:1511038361;my_captcha|s:4:\"1235\";'),
('g6n1bp0o350hc7lei35n2f9htcof8dam',	'127.0.0.1',	1510245327,	'__ci_last_regenerate|i:1510245327;userId|s:1:\"9\";userEmail|s:18:\"ajahtara@gmail.com\";isLoggedIn|b:1;'),
('gbnubrm44e5j9ql0j6sntiviaqhtrv2h',	'127.0.0.1',	1510219287,	'__ci_last_regenerate|i:1510219287;userId|s:1:\"1\";userEmail|s:19:\"admin@localhost.com\";isLoggedIn|b:1;my_captcha|s:4:\"4528\";'),
('gh5b1pr8pb8bfjeltrl5ant6i5ohs16i',	'127.0.0.1',	1510996092,	'__ci_last_regenerate|i:1510996092;'),
('gjpisdh45894q04kblhs1fg7t2ogq0fj',	'127.0.0.1',	1511032396,	'__ci_last_regenerate|i:1511032396;my_captcha|s:4:\"1235\";'),
('gsdpn7uqintbehb87hnagoh1iat0i46s',	'127.0.0.1',	1510050656,	'__ci_last_regenerate|i:1510050656;userId|s:1:\"1\";userEmail|s:19:\"admin@localhost.com\";isLoggedIn|b:1;'),
('gu0kr4cbpq6lvsf40unilhn3c5d09suj',	'127.0.0.1',	1510247183,	'__ci_last_regenerate|i:1510247183;userId|s:1:\"9\";userEmail|s:18:\"ajahtara@gmail.com\";isLoggedIn|b:1;my_captcha|s:4:\"2689\";'),
('h5qus4fdcuamqgs2aml4p8jt8d0ntn45',	'127.0.0.1',	1510231712,	'__ci_last_regenerate|i:1510231712;userId|s:1:\"9\";userEmail|s:18:\"ajahtara@gmail.com\";isLoggedIn|b:1;'),
('hsjrhqogcl1g9sdgl5co8iiaimsk5uc0',	'127.0.0.1',	1511042898,	'__ci_last_regenerate|i:1511042898;'),
('hta741jiiqp9a43h07docnr569cfgouo',	'127.0.0.1',	1511102892,	'__ci_last_regenerate|i:1511102892;my_captcha|s:4:\"2618\";'),
('i0mqr5uftam5k54mmc4gsbcqdep9ts6a',	'127.0.0.1',	1511020744,	'__ci_last_regenerate|i:1511020744;my_captcha|s:4:\"1235\";'),
('i9canaqqj0h109du2kjvd1bmkop16ad7',	'127.0.0.1',	1510067828,	'__ci_last_regenerate|i:1510067828;my_captcha|s:4:\"8706\";'),
('ic9hcjbthhepi2nisb4h6go1amjhv63o',	'127.0.0.1',	1511069589,	'__ci_last_regenerate|i:1511069589;my_captcha|s:4:\"7319\";'),
('im423bt8o3pq92umhh6phqdsg2r69h2l',	'127.0.0.1',	1510052105,	'__ci_last_regenerate|i:1510052105;userId|s:1:\"1\";userEmail|s:19:\"admin@localhost.com\";isLoggedIn|b:1;'),
('iqmkt1houqfr096338j6nbjo61osvlpj',	'127.0.0.1',	1511088837,	'__ci_last_regenerate|i:1511088837;'),
('irdka0juuce5itlghu1v6tai7t0di15p',	'127.0.0.1',	1511042434,	'__ci_last_regenerate|i:1511042434;my_captcha|s:4:\"1235\";'),
('j0m7gae0jicpsbqugea7rgeib4dl212k',	'127.0.0.1',	1510598797,	'__ci_last_regenerate|i:1510598797;my_captcha|s:4:\"9386\";idMosque|s:1:\"1\";userId|s:2:\"10\";userEmail|s:25:\"zulyantara4@localhost.com\";isLoggedIn|b:1;'),
('jblphmk9u46d1ts54g51olvlpnp6td3j',	'127.0.0.1',	1510237811,	'__ci_last_regenerate|i:1510237811;userId|s:1:\"9\";userEmail|s:18:\"ajahtara@gmail.com\";isLoggedIn|b:1;'),
('jk0npfbf6ebejg98jt4g3d5t2391en91',	'127.0.0.1',	1511025273,	'__ci_last_regenerate|i:1511025273;my_captcha|s:4:\"1235\";'),
('jq8rpbuh6vk204q9983i28fia91j9pbs',	'127.0.0.1',	1511037800,	'__ci_last_regenerate|i:1511037800;my_captcha|s:4:\"1235\";'),
('k297c480c073mmlnat4hmnu49n9og6ce',	'127.0.0.1',	1510227397,	'__ci_last_regenerate|i:1510227397;userId|s:1:\"9\";userEmail|s:18:\"ajahtara@gmail.com\";isLoggedIn|b:1;'),
('kc3kv66a496tb7feq4st13i6vlrepmjf',	'127.0.0.1',	1510596758,	'__ci_last_regenerate|i:1510596758;my_captcha|s:4:\"9386\";idMosque|s:1:\"1\";userId|s:2:\"10\";userEmail|s:25:\"zulyantara4@localhost.com\";isLoggedIn|b:1;'),
('koin3kc76mkcpr63i8h5o62t9lkek4d4',	'127.0.0.1',	1510986782,	'__ci_last_regenerate|i:1510986776;my_captcha|s:4:\"7809\";userId|s:2:\"10\";userEmail|s:25:\"zulyantara4@localhost.com\";isLoggedIn|b:1;'),
('kp9cftpth9g40ma19npsmcf7dmne2q97',	'127.0.0.1',	1510249265,	'__ci_last_regenerate|i:1510249265;userId|s:1:\"9\";userEmail|s:18:\"ajahtara@gmail.com\";isLoggedIn|b:1;my_captcha|s:4:\"2689\";'),
('ks7qu4ndce1rh2ks8k0c0unu5qn5sdok',	'127.0.0.1',	1511030601,	'__ci_last_regenerate|i:1511030601;my_captcha|s:4:\"1235\";'),
('ku8202refcabiss1r7gk3f9h1qgn6bm9',	'127.0.0.1',	1510065323,	'__ci_last_regenerate|i:1510065323;my_captcha|s:4:\"6712\";'),
('l3c42f82lda9b2j771sna4v498aq0h4r',	'127.0.0.1',	1510200721,	'__ci_last_regenerate|i:1510200529;userId|s:1:\"1\";userEmail|s:19:\"admin@localhost.com\";isLoggedIn|b:1;'),
('l6jhd5ekr9q8pqebvqup94f3jhl8ogeu',	'127.0.0.1',	1511033507,	'__ci_last_regenerate|i:1511033507;my_captcha|s:4:\"1235\";'),
('l9ogjp5hrjg6cd8napr7rvdg2varjp0i',	'127.0.0.1',	1510072403,	'__ci_last_regenerate|i:1510072109;my_captcha|s:4:\"4083\";userId|s:1:\"1\";userEmail|s:19:\"admin@localhost.com\";isLoggedIn|b:1;'),
('m5kv9bkb8q06dmjm1lcgoefa2japtf8a',	'127.0.0.1',	1510986776,	'__ci_last_regenerate|i:1510986776;my_captcha|s:4:\"7809\";userId|s:2:\"10\";userEmail|s:25:\"zulyantara4@localhost.com\";isLoggedIn|b:1;'),
('m7g70ulrmg0cqjd8i0bs0057hfgb2f2s',	'127.0.0.1',	1510072109,	'__ci_last_regenerate|i:1510072109;my_captcha|s:4:\"4083\";userId|s:1:\"1\";userEmail|s:19:\"admin@localhost.com\";isLoggedIn|b:1;'),
('mef5etoub4haodnpjsa7ajggga73jj82',	'127.0.0.1',	1510217687,	'__ci_last_regenerate|i:1510217687;userId|s:1:\"1\";userEmail|s:19:\"admin@localhost.com\";isLoggedIn|b:1;my_captcha|s:4:\"1086\";'),
('mij97jguefe96cnl4ungdd2vjjvlu3qd',	'127.0.0.1',	1510238633,	'__ci_last_regenerate|i:1510238633;userId|s:1:\"9\";userEmail|s:18:\"ajahtara@gmail.com\";isLoggedIn|b:1;'),
('mk2i1abekkdtojhve4nfq3g79vao08fn',	'127.0.0.1',	1511009228,	'__ci_last_regenerate|i:1511009228;'),
('mviin3tcg3olfom12kvled183r4qh59r',	'127.0.0.1',	1510071775,	'__ci_last_regenerate|i:1510071775;my_captcha|s:4:\"4083\";userId|s:1:\"1\";userEmail|s:19:\"admin@localhost.com\";isLoggedIn|b:1;'),
('n07j68da7f7i4ijttq5vdh17i1dag24t',	'127.0.0.1',	1510995788,	'__ci_last_regenerate|i:1510995788;'),
('n8js4bjfkj9dg5f290cu0ndjnt5c01o9',	'127.0.0.1',	1510198555,	'__ci_last_regenerate|i:1510198555;userId|s:1:\"1\";userEmail|s:19:\"admin@localhost.com\";isLoggedIn|b:1;'),
('n9h096bc8021busrsghk031h76a2e9se',	'127.0.0.1',	1510209030,	'__ci_last_regenerate|i:1510209030;'),
('nq8gjqepl2vb9lr2h19hks0j6veddtjo',	'127.0.0.1',	1510050977,	'__ci_last_regenerate|i:1510050977;userId|s:1:\"1\";userEmail|s:19:\"admin@localhost.com\";isLoggedIn|b:1;'),
('ns6sjmbto7omhceqg5u5ngcl2gabu3rm',	'127.0.0.1',	1510598798,	'__ci_last_regenerate|i:1510598798;'),
('o4uvkp21qt52mrqkm2m9bh8t4ppa8ovm',	'127.0.0.1',	1510215938,	'__ci_last_regenerate|i:1510215938;userId|s:1:\"1\";userEmail|s:19:\"admin@localhost.com\";isLoggedIn|b:1;my_captcha|s:4:\"4829\";'),
('o6qgjiff7loje67m18lhgnbn7hmuinhb',	'127.0.0.1',	1511009230,	'__ci_last_regenerate|i:1511009228;'),
('oa5u646ntgbj8aiga0bp8a0l1t749q01',	'127.0.0.1',	1510235154,	'__ci_last_regenerate|i:1510235154;userId|s:1:\"9\";userEmail|s:18:\"ajahtara@gmail.com\";isLoggedIn|b:1;'),
('ofruls5bp8us307o5troerdi1jnhjsc6',	'127.0.0.1',	1510232254,	'__ci_last_regenerate|i:1510232254;userId|s:1:\"9\";userEmail|s:18:\"ajahtara@gmail.com\";isLoggedIn|b:1;'),
('ojq3ijsqjp1ed6fi8u1ch1kik7p5kuh7',	'127.0.0.1',	1510054508,	'__ci_last_regenerate|i:1510054508;userId|s:1:\"1\";userEmail|s:19:\"admin@localhost.com\";isLoggedIn|b:1;'),
('okrkr1i52t801t339sbomo1krfp1vokn',	'127.0.0.1',	1510071080,	'__ci_last_regenerate|i:1510071080;my_captcha|s:4:\"4083\";userId|s:1:\"1\";userEmail|s:19:\"admin@localhost.com\";isLoggedIn|b:1;'),
('op2hfruc1eqdd261ql1ghlrf1u3a5g7f',	'127.0.0.1',	1510245022,	'__ci_last_regenerate|i:1510245022;userId|s:1:\"9\";userEmail|s:18:\"ajahtara@gmail.com\";isLoggedIn|b:1;'),
('p7ogkm46nqsii641mtinnq623elbpbk9',	'127.0.0.1',	1510598432,	'__ci_last_regenerate|i:1510598432;my_captcha|s:4:\"9386\";idMosque|s:1:\"1\";userId|s:2:\"10\";userEmail|s:25:\"zulyantara4@localhost.com\";isLoggedIn|b:1;'),
('peko6nv7a1i767nqcrepuh7431oteonm',	'127.0.0.1',	1510996575,	'__ci_last_regenerate|i:1510996575;'),
('pjdk058ad1dajv1l275mnq61fq5aj92b',	'127.0.0.1',	1510984890,	'__ci_last_regenerate|i:1510984890;my_captcha|s:4:\"7809\";userId|s:2:\"10\";userEmail|s:25:\"zulyantara4@localhost.com\";isLoggedIn|b:1;'),
('plim81ofeb1fkegd7ou1cs5tl8irchvl',	'127.0.0.1',	1511034067,	'__ci_last_regenerate|i:1511034067;my_captcha|s:4:\"1235\";'),
('prkpasi0kh563c5cp07sho68kddp4r9q',	'127.0.0.1',	1511035809,	'__ci_last_regenerate|i:1511035809;my_captcha|s:4:\"1235\";'),
('q6ma82bq1m0fjsmrtd7s4gj5icu1ne2j',	'127.0.0.1',	1511021942,	'__ci_last_regenerate|i:1511021942;my_captcha|s:4:\"1235\";'),
('qg4713u6gjfm65hiiuj4lt7tcm0265vq',	'127.0.0.1',	1511029578,	'__ci_last_regenerate|i:1511029578;my_captcha|s:4:\"1235\";'),
('qgk6lq7tls0069os4gqt06212g239ba5',	'127.0.0.1',	1511027885,	'__ci_last_regenerate|i:1511027885;my_captcha|s:4:\"1235\";'),
('qlqhdbgf55sjv3asd5k4u0ou4226jgi6',	'127.0.0.1',	1510239751,	'__ci_last_regenerate|i:1510239751;userId|s:1:\"9\";userEmail|s:18:\"ajahtara@gmail.com\";isLoggedIn|b:1;'),
('r0oaqtap6p27f8d34eot0suthpfmcqov',	'127.0.0.1',	1510230989,	'__ci_last_regenerate|i:1510230989;userId|s:1:\"9\";userEmail|s:18:\"ajahtara@gmail.com\";isLoggedIn|b:1;'),
('r5beoureq3ovqd0m0orr40314igog242',	'127.0.0.1',	1511038689,	'__ci_last_regenerate|i:1511038689;my_captcha|s:4:\"1235\";'),
('rb3np71rlgpsb7n03m7514khuoesb178',	'127.0.0.1',	1510246036,	'__ci_last_regenerate|i:1510246036;userId|s:1:\"9\";userEmail|s:18:\"ajahtara@gmail.com\";isLoggedIn|b:1;'),
('rc5jkgm1dsgab0dm0d4v2iuq8hsrhn81',	'127.0.0.1',	1510226494,	'__ci_last_regenerate|i:1510226494;userId|s:1:\"1\";userEmail|s:19:\"admin@localhost.com\";isLoggedIn|b:1;my_captcha|s:4:\"3098\";'),
('rfj6bfnio15mc7c7kb16hrvov5kc5010',	'127.0.0.1',	1511027242,	'__ci_last_regenerate|i:1511027242;my_captcha|s:4:\"1235\";'),
('rr8r2o1ipsmj67cgbuilph5lrlhrp00q',	'127.0.0.1',	1510232566,	'__ci_last_regenerate|i:1510232566;userId|s:1:\"9\";userEmail|s:18:\"ajahtara@gmail.com\";isLoggedIn|b:1;'),
('rrnna7t108e4lfbqovf8pi1etlr4dihe',	'127.0.0.1',	1511088837,	'__ci_last_regenerate|i:1511088837;'),
('s2ilejd7rf311s4c8l3qtv671o5abjp8',	'127.0.0.1',	1511041962,	'__ci_last_regenerate|i:1511041962;my_captcha|s:4:\"1235\";'),
('s2osjdjdjt47q2fv3p37nsbh837181kn',	'127.0.0.1',	1510232938,	'__ci_last_regenerate|i:1510232938;userId|s:1:\"9\";userEmail|s:18:\"ajahtara@gmail.com\";isLoggedIn|b:1;'),
('s44tj2ajaf9cbif3cqep93cir89k4ob4',	'127.0.0.1',	1510064439,	'__ci_last_regenerate|i:1510064439;my_captcha|s:4:\"5192\";'),
('s86v46eh2gjs6r9chjs222ejbjj5n5d4',	'127.0.0.1',	1510055564,	'__ci_last_regenerate|i:1510055492;userId|s:1:\"1\";userEmail|s:19:\"admin@localhost.com\";isLoggedIn|b:1;'),
('sevd1b29l6ghmrh8hgtlda9e2d0di3di',	'127.0.0.1',	1511041016,	'__ci_last_regenerate|i:1511041016;my_captcha|s:4:\"1235\";'),
('sih9g2uan7jkf44gl2v89i2ebi7fflmq',	'127.0.0.1',	1510212849,	'__ci_last_regenerate|i:1510212849;userId|s:1:\"1\";userEmail|s:19:\"admin@localhost.com\";isLoggedIn|b:1;'),
('sq9ldpqff6c5dv61vbcem3i9dgs3eb10',	'127.0.0.1',	1510246510,	'__ci_last_regenerate|i:1510246510;userId|s:1:\"9\";userEmail|s:18:\"ajahtara@gmail.com\";isLoggedIn|b:1;'),
('t71ofndc8b1q4i651pm32k9kbuhr6a3d',	'127.0.0.1',	1511042757,	'__ci_last_regenerate|i:1511042757;my_captcha|s:4:\"1235\";'),
('tqoct3kq5abm2r37kcqohiou669l69h8',	'127.0.0.1',	1511039629,	'__ci_last_regenerate|i:1511039629;my_captcha|s:4:\"1235\";'),
('u2cmvipblm84brrbmlecsrm7eo9rsg8c',	'127.0.0.1',	1510233827,	'__ci_last_regenerate|i:1510233827;userId|s:1:\"9\";userEmail|s:18:\"ajahtara@gmail.com\";isLoggedIn|b:1;'),
('u4tcqk8ioopdue6p2saatrd048j6unsh',	'127.0.0.1',	1510220983,	'__ci_last_regenerate|i:1510220983;userId|s:1:\"1\";userEmail|s:19:\"admin@localhost.com\";isLoggedIn|b:1;my_captcha|s:4:\"0571\";'),
('u6dhj01cug5utj4giktu5arul9knd55m',	'127.0.0.1',	1510226797,	'__ci_last_regenerate|i:1510226797;userId|s:1:\"1\";userEmail|s:19:\"admin@localhost.com\";isLoggedIn|b:1;my_captcha|s:4:\"3098\";'),
('u6le7kcd1ko06lc344kv554jcphkr14q',	'127.0.0.1',	1510980124,	'__ci_last_regenerate|i:1510980124;my_captcha|s:4:\"7809\";userId|s:2:\"10\";userEmail|s:25:\"zulyantara4@localhost.com\";isLoggedIn|b:1;'),
('ubqhhll2v4r848bar3h90jd5ofdf0kq8',	'127.0.0.1',	1510053388,	'__ci_last_regenerate|i:1510053388;userId|s:1:\"1\";userEmail|s:19:\"admin@localhost.com\";isLoggedIn|b:1;'),
('ustooebpif961ori5bnh7dvt82d5feas',	'127.0.0.1',	1511071178,	'__ci_last_regenerate|i:1511071178;my_captcha|s:4:\"7319\";userId|s:2:\"10\";userEmail|s:25:\"zulyantara4@localhost.com\";isLoggedIn|b:1;'),
('vaptck7a230o3k8imkomhkjd3k6mn7ot',	'127.0.0.1',	1511086672,	'__ci_last_regenerate|i:1511086672;'),
('vb57od3kkhbs4n5ud9tj16e2hclbv7h2',	'127.0.0.1',	1510598007,	'__ci_last_regenerate|i:1510598007;my_captcha|s:4:\"9386\";idMosque|s:1:\"1\";userId|s:2:\"10\";userEmail|s:25:\"zulyantara4@localhost.com\";isLoggedIn|b:1;'),
('vfn4vs2tr24liqeiqe9et0aoiaq8ba34',	'127.0.0.1',	1510227733,	'__ci_last_regenerate|i:1510227733;userId|s:1:\"9\";userEmail|s:18:\"ajahtara@gmail.com\";isLoggedIn|b:1;'),
('vk027f890upf63k1l1v6g8hhlrqkp3bk',	'127.0.0.1',	1510251447,	'__ci_last_regenerate|i:1510251447;'),
('vpttpcjs9i65js8p10hhohq3dra8gqu2',	'127.0.0.1',	1511071209,	'__ci_last_regenerate|i:1511071178;my_captcha|s:4:\"7319\";userId|s:2:\"10\";userEmail|s:25:\"zulyantara4@localhost.com\";isLoggedIn|b:1;'),
('vrbrbm4dc0fjjalkva0kl93cgqohoill',	'127.0.0.1',	1510068871,	'__ci_last_regenerate|i:1510068871;my_captcha|s:4:\"4083\";');

DROP TABLE IF EXISTS `USER_REGISTRATION`;
CREATE TABLE `USER_REGISTRATION` (
  `ID` int(11) NOT NULL AUTO_INCREMENT,
  `NAME` varchar(100) NOT NULL,
  `EMAIL` varchar(100) NOT NULL,
  `HP` varchar(15) NOT NULL,
  `PROVINSI` bigint(20) NOT NULL,
  `KABUPATEN` bigint(20) NOT NULL,
  `KECAMATAN` bigint(20) NOT NULL,
  `KELURAHAN` bigint(20) NOT NULL,
  `PERAN` int(11) DEFAULT NULL,
  `STATUS_REGISTER` int(11) NOT NULL COMMENT '1: Registered, 0: Not Registered',
  PRIMARY KEY (`ID`),
  KEY `EMAIL` (`EMAIL`),
  KEY `PERAN` (`PERAN`)
) ENGINE=InnoDB DEFAULT CHARSET=latin1;

INSERT INTO `USER_REGISTRATION` (`ID`, `NAME`, `EMAIL`, `HP`, `PROVINSI`, `KABUPATEN`, `KECAMATAN`, `KELURAHAN`, `PERAN`, `STATUS_REGISTER`) VALUES
(2,	'Zulyantara',	'zulyantara@localhost.com',	'081234567890',	31,	3171,	3171010,	3171010006,	2,	1),
(3,	'Zulyantara 2',	'zulyantara2@localhost.com',	'081234567890',	31,	3171,	3171010,	3171010006,	2,	1),
(4,	'Zulyantara 3',	'ajahtara@gmail.com',	'081234567890',	31,	3171,	3171010,	3171010006,	2,	1),
(5,	'Zulyantara 4',	'zulyantara4@localhost.com',	'081234567890',	31,	3171,	3171010,	3171010006,	3,	1);

DROP TABLE IF EXISTS `USER_REGISTRATION_KEAHLIAN_TBL`;
CREATE TABLE `USER_REGISTRATION_KEAHLIAN_TBL` (
  `ID` int(11) NOT NULL AUTO_INCREMENT,
  `USER_REGISTRATION_ID` int(11) NOT NULL,
  `KEAHLIAN_ID` int(11) NOT NULL,
  PRIMARY KEY (`ID`),
  KEY `KEAHLIAN_ID` (`KEAHLIAN_ID`),
  KEY `USER_REGISTRATION_ID` (`USER_REGISTRATION_ID`)
) ENGINE=InnoDB DEFAULT CHARSET=latin1;

INSERT INTO `USER_REGISTRATION_KEAHLIAN_TBL` (`ID`, `USER_REGISTRATION_ID`, `KEAHLIAN_ID`) VALUES
(1,	2,	6),
(2,	3,	5),
(3,	3,	6),
(4,	4,	5),
(5,	4,	6);

-- 2017-11-20 14:32:49
